Name,ID,Team,gamesPlayed,groundOuts,runs,doubles,triples,homeRuns,strikeOuts,baseOnBalls,intentionalWalks,hits,hitByPitch,avg,atBats,obp,slg,ops,caughtStealing,stolenBases,stolenBasePercentage,groundIntoDoublePlay,numberOfPitches,plateAppearances,totalBases,rbi,leftOnBase,sacBunts,sacFlies,babip,groundOutsToAirouts,atBatsPerHomeRun,atBatsPerHomeRun_p7G,avg_p7G,hits_p7G,obp_p7G,ops_p7G,slg_p7G,atBatsPerHomeRun_p15G,avg_p15G,hits_p15G,obp_p15G,ops_p15G,slg_p15G,avg_p5G,era_p5G,groundOutsToAirouts_p5G,hitsPer9Inn_p5G,homeRunsPer9_p5G,inningsPitched_p5G,pitchesPerInning_p5G,runsScoredPer9_p5G,stolenBasePercentage_p5G,strikePercentage_p5G,strikeoutWalkRatio_p5G,strikeoutsPer9Inn_p5G,walksPer9Inn_p5G,whip_p5G,winPercentage_p5G,atBats_h2h,avg_h2h,hits_h2h,obp_h2h,ops_h2h,slg_h2h,pitcher_hitter_opposite_hand,player_got_hit
Adam Frazier,624428,134,116.0,126.0,58.0,25.0,4.0,6.0,57.0,32.0,4.0,113.0,7.0,0.264,428.0,0.325,0.383,0.708,4.0,3.0,0.429,2.0,1792.0,470.0,164.0,32.0,141.0,2.0,1.0,0.292,0.93,71.33,0.0,0.0,0.0,0.0,0.0,0.0,0.0,0.0,0.0,0.0,0.0,0.0,0.223,2.42,1.24,7.27,0.35,26.0,16.23,2.77,0.0,0.61,1.82,6.92,3.81,1.23,0.75,4.0,0.0,0.0,0.0,0.0,0.0,1.0,False
Bryan Reynolds,668804,134,102.0,89.0,65.0,26.0,2.0,13.0,89.0,39.0,0.0,115.0,6.0,0.323,356.0,0.396,0.517,0.913,2.0,1.0,0.333,8.0,1595.0,404.0,184.0,50.0,127.0,0.0,3.0,0.397,1.35,27.38,0.0,0.0,0.0,0.0,0.0,0.0,0.0,0.0,0.0,0.0,0.0,0.0,0.223,2.42,1.24,7.27,0.35,26.0,16.23,2.77,0.0,0.61,1.82,6.92,3.81,1.23,0.75,2.0,0.5,1.0,0.5,1.5,1.0,1.0,True
Colin Moran,592567,134,119.0,87.0,37.0,21.0,1.0,11.0,92.0,25.0,4.0,102.0,2.0,0.283,361.0,0.33,0.438,0.768,0.0,0.0,0.0,8.0,1409.0,391.0,158.0,64.0,167.0,0.0,3.0,0.349,1.05,32.82,0.0,0.0,0.0,0.0,0.0,0.0,0.0,0.0,0.0,0.0,0.0,0.0,0.223,2.42,1.24,7.27,0.35,26.0,16.23,2.77,0.0,0.61,1.82,6.92,3.81,1.23,0.75,1.0,0.0,0.0,0.0,0.0,0.0,1.0,False
Elias Diaz,553869,134,81.0,71.0,26.0,13.0,0.0,1.0,46.0,21.0,0.0,61.0,0.0,0.248,246.0,0.305,0.313,0.618,0.0,0.0,0.0,9.0,1112.0,269.0,77.0,23.0,102.0,0.0,2.0,0.299,1.01,246.0,0.0,0.0,0.0,0.0,0.0,0.0,0.0,0.0,0.0,0.0,0.0,0.0,0.223,2.42,1.24,7.27,0.35,26.0,16.23,2.77,0.0,0.61,1.82,6.92,3.81,1.23,0.75,1.0,0.0,0.0,0.0,0.0,0.0,0.0,False
Erik Gonzalez,570481,134,27.0,29.0,4.0,2.0,1.0,0.0,20.0,7.0,3.0,14.0,0.0,0.194,72.0,0.266,0.25,0.516,0.0,4.0,1.0,3.0,286.0,82.0,18.0,2.0,40.0,3.0,0.0,0.269,2.42,0.0,0.0,0.0,0.0,0.0,0.0,0.0,0.0,0.0,0.0,0.0,0.0,0.0,0.223,2.42,1.24,7.27,0.35,26.0,16.23,2.77,0.0,0.61,1.82,6.92,3.81,1.23,0.75,0.0,0.0,0.0,0.0,0.0,0.0,0.0,True
Jacob Stallings,607732,134,47.0,31.0,14.0,4.0,0.0,4.0,26.0,10.0,5.0,31.0,2.0,0.265,117.0,0.333,0.402,0.735,0.0,0.0,0.0,1.0,436.0,129.0,47.0,9.0,51.0,0.0,0.0,0.31,1.07,29.25,0.0,0.0,0.0,0.0,0.0,0.0,0.0,0.0,0.0,0.0,0.0,0.0,0.223,2.42,1.24,7.27,0.35,26.0,16.23,2.77,0.0,0.61,1.82,6.92,3.81,1.23,0.75,0.0,0.0,0.0,0.0,0.0,0.0,0.0,False
Jose Osuna,591741,134,59.0,34.0,21.0,13.0,0.0,8.0,24.0,9.0,0.0,39.0,1.0,0.312,125.0,0.358,0.608,0.966,0.0,0.0,0.0,4.0,513.0,138.0,76.0,26.0,47.0,0.0,2.0,0.326,1.13,15.62,0.0,0.0,0.0,0.0,0.0,0.0,0.0,0.0,0.0,0.0,0.0,0.0,0.223,2.42,1.24,7.27,0.35,26.0,16.23,2.77,0.0,0.61,1.82,6.92,3.81,1.23,0.75,0.0,0.0,0.0,0.0,0.0,0.0,0.0,False
Josh Bell,605137,134,121.0,121.0,84.0,36.0,3.0,31.0,106.0,60.0,9.0,126.0,3.0,0.279,451.0,0.363,0.579,0.942,1.0,0.0,0.0,8.0,2082.0,520.0,261.0,98.0,185.0,0.0,6.0,0.297,1.16,14.55,0.0,0.0,0.0,0.0,0.0,0.0,0.0,0.0,0.0,0.0,0.0,0.0,0.223,2.42,1.24,7.27,0.35,26.0,16.23,2.77,0.0,0.61,1.82,6.92,3.81,1.23,0.75,4.0,0.5,2.0,0.5,1.75,1.25,1.0,True
Kevin Newman,621028,134,96.0,119.0,34.0,14.0,3.0,7.0,48.0,21.0,2.0,106.0,3.0,0.299,355.0,0.342,0.414,0.756,6.0,10.0,0.625,4.0,1391.0,382.0,147.0,42.0,154.0,2.0,1.0,0.329,1.4,50.71,0.0,0.0,0.0,0.0,0.0,0.0,0.0,0.0,0.0,0.0,0.0,0.0,0.223,2.42,1.24,7.27,0.35,26.0,16.23,2.77,0.0,0.61,1.82,6.92,3.81,1.23,0.75,1.0,0.0,0.0,0.0,0.0,0.0,0.0,False
Melky Cabrera,466320,134,108.0,108.0,37.0,19.0,1.0,6.0,36.0,14.0,2.0,88.0,1.0,0.278,317.0,0.31,0.401,0.711,0.0,2.0,1.0,12.0,1155.0,333.0,127.0,39.0,135.0,1.0,0.0,0.298,1.26,52.83,0.0,0.0,0.0,0.0,0.0,0.0,0.0,0.0,0.0,0.0,0.0,0.0,0.223,2.42,1.24,7.27,0.35,26.0,16.23,2.77,0.0,0.61,1.82,6.92,3.81,1.23,0.75,3.0,0.333,1.0,0.333,0.666,0.333,1.0,False
Pablo Reyes,622569,134,39.0,19.0,9.0,1.0,0.0,2.0,20.0,5.0,0.0,12.0,1.0,0.169,71.0,0.234,0.268,0.501,0.0,1.0,1.0,0.0,302.0,77.0,19.0,8.0,30.0,0.0,0.0,0.204,0.95,35.5,0.0,0.0,0.0,0.0,0.0,0.0,0.0,0.0,0.0,0.0,0.0,0.0,0.223,2.42,1.24,7.27,0.35,26.0,16.23,2.77,0.0,0.61,1.82,6.92,3.81,1.23,0.75,0.0,0.0,0.0,0.0,0.0,0.0,0.0,False
Starling Marte,516782,134,114.0,153.0,85.0,26.0,5.0,22.0,81.0,19.0,0.0,138.0,13.0,0.291,475.0,0.333,0.505,0.838,4.0,22.0,0.846,15.0,1836.0,513.0,240.0,73.0,192.0,2.0,4.0,0.309,1.4,21.59,0.0,0.0,0.0,0.0,0.0,0.0,0.0,0.0,0.0,0.0,0.0,0.0,0.223,2.42,1.24,7.27,0.35,26.0,16.23,2.77,0.0,0.61,1.82,6.92,3.81,1.23,0.75,7.0,0.143,1.0,0.25,0.393,0.143,0.0,False
Adam Eaton,594809,120,119.0,111.0,85.0,20.0,7.0,11.0,82.0,55.0,0.0,133.0,10.0,0.29,459.0,0.376,0.436,0.811,3.0,13.0,0.813,7.0,2171.0,534.0,200.0,39.0,158.0,7.0,3.0,0.331,0.78,41.73,0.0,0.0,0.0,0.0,0.0,0.0,0.0,0.0,0.0,0.0,0.0,0.0,0.3,7.92,0.83,10.8,2.52,25.0,17.24,9.0,0.0,0.62,0.93,4.68,5.04,1.76,0.4,8.0,0.25,2.0,0.25,0.875,0.625,1.0,True
Adrian Sanchez,506703,120,25.0,8.0,2.0,0.0,0.0,0.0,9.0,1.0,0.0,6.0,0.0,0.214,28.0,0.241,0.214,0.456,0.0,0.0,0.0,0.0,121.0,29.0,6.0,0.0,10.0,0.0,0.0,0.316,1.6,0.0,0.0,0.0,0.0,0.0,0.0,0.0,0.0,0.0,0.0,0.0,0.0,0.0,0.3,7.92,0.83,10.8,2.52,25.0,17.24,9.0,0.0,0.62,0.93,4.68,5.04,1.76,0.4,0.0,0.0,0.0,0.0,0.0,0.0,0.0,False
Anthony Rendon,543685,120,111.0,89.0,89.0,34.0,3.0,27.0,69.0,48.0,6.0,136.0,11.0,0.322,423.0,0.4,0.608,1.007,1.0,3.0,0.75,11.0,1959.0,488.0,257.0,98.0,178.0,0.0,6.0,0.327,0.66,15.67,0.0,0.0,0.0,0.0,0.0,0.0,0.0,0.0,0.0,0.0,0.0,0.0,0.3,7.92,0.83,10.8,2.52,25.0,17.24,9.0,0.0,0.62,0.93,4.68,5.04,1.76,0.4,8.0,0.375,3.0,0.444,1.319,0.875,0.0,True
Asdrubal Cabrera,452678,120,103.0,78.0,51.0,20.0,0.0,13.0,89.0,45.0,2.0,87.0,3.0,0.245,355.0,0.331,0.411,0.742,0.0,4.0,1.0,8.0,1679.0,408.0,146.0,61.0,165.0,0.0,5.0,0.287,0.74,27.31,0.0,0.0,0.0,0.0,0.0,0.0,0.0,0.0,0.0,0.0,0.0,0.0,0.3,7.92,0.83,10.8,2.52,25.0,17.24,9.0,0.0,0.62,0.93,4.68,5.04,1.76,0.4,3.0,0.0,0.0,0.2,0.2,0.0,1.0,True
Gerardo Parra,467827,120,95.0,68.0,29.0,11.0,1.0,7.0,48.0,16.0,2.0,53.0,5.0,0.243,218.0,0.308,0.399,0.707,3.0,6.0,0.667,6.0,871.0,241.0,87.0,37.0,84.0,1.0,1.0,0.28,1.33,31.14,0.0,0.0,0.0,0.0,0.0,0.0,0.0,0.0,0.0,0.0,0.0,0.0,0.3,7.92,0.83,10.8,2.52,25.0,17.24,9.0,0.0,0.62,0.93,4.68,5.04,1.76,0.4,5.0,0.2,1.0,0.333,0.533,0.2,1.0,False
Howie Kendrick,435062,120,92.0,77.0,45.0,18.0,0.0,13.0,40.0,22.0,1.0,81.0,3.0,0.318,255.0,0.372,0.541,0.913,1.0,2.0,0.667,9.0,1052.0,285.0,138.0,50.0,105.0,0.0,5.0,0.329,1.24,19.62,0.0,0.0,0.0,0.0,0.0,0.0,0.0,0.0,0.0,0.0,0.0,0.0,0.3,7.92,0.83,10.8,2.52,25.0,17.24,9.0,0.0,0.62,0.93,4.68,5.04,1.76,0.4,2.0,0.0,0.0,0.0,0.0,0.0,0.0,False
Juan Soto,665742,120,114.0,99.0,79.0,20.0,4.0,28.0,100.0,78.0,2.0,122.0,2.0,0.29,420.0,0.401,0.557,0.958,1.0,12.0,0.923,8.0,2118.0,504.0,234.0,83.0,192.0,0.0,4.0,0.318,0.96,15.0,0.0,0.0,0.0,0.0,0.0,0.0,0.0,0.0,0.0,0.0,0.0,0.0,0.3,7.92,0.83,10.8,2.52,25.0,17.24,9.0,0.0,0.62,0.93,4.68,5.04,1.76,0.4,6.0,0.167,1.0,0.375,0.542,0.167,1.0,True
Kurt Suzuki,435559,120,71.0,64.0,28.0,9.0,0.0,13.0,31.0,18.0,1.0,64.0,4.0,0.271,236.0,0.33,0.475,0.804,1.0,0.0,0.0,7.0,879.0,261.0,112.0,47.0,111.0,0.0,3.0,0.262,0.8,18.15,0.0,0.0,0.0,0.0,0.0,0.0,0.0,0.0,0.0,0.0,0.0,0.0,0.3,7.92,0.83,10.8,2.52,25.0,17.24,9.0,0.0,0.62,0.93,4.68,5.04,1.76,0.4,0.0,0.0,0.0,0.0,0.0,0.0,0.0,False
Matt Adams,571431,120,93.0,46.0,40.0,13.0,0.0,20.0,95.0,17.0,0.0,65.0,1.0,0.247,263.0,0.294,0.525,0.819,0.0,0.0,0.0,6.0,1120.0,282.0,138.0,56.0,134.0,0.0,1.0,0.302,0.79,13.15,0.0,0.0,0.0,0.0,0.0,0.0,0.0,0.0,0.0,0.0,0.0,0.0,0.3,7.92,0.83,10.8,2.52,25.0,17.24,9.0,0.0,0.62,0.93,4.68,5.04,1.76,0.4,15.0,0.333,5.0,0.333,1.133,0.8,1.0,True
Trea Turner,607208,120,86.0,90.0,65.0,24.0,4.0,13.0,85.0,33.0,2.0,107.0,3.0,0.294,364.0,0.357,0.489,0.846,5.0,26.0,0.839,9.0,1558.0,401.0,178.0,41.0,100.0,0.0,1.0,0.352,1.08,28.0,0.0,0.0,0.0,0.0,0.0,0.0,0.0,0.0,0.0,0.0,0.0,0.0,0.3,7.92,0.83,10.8,2.52,25.0,17.24,9.0,0.0,0.62,0.93,4.68,5.04,1.76,0.4,7.0,0.286,2.0,0.286,1.429,1.143,0.0,True
Victor Robles,645302,120,120.0,101.0,68.0,23.0,3.0,16.0,112.0,27.0,3.0,104.0,20.0,0.25,416.0,0.323,0.435,0.758,7.0,19.0,0.731,6.0,1752.0,473.0,181.0,53.0,170.0,6.0,4.0,0.301,0.93,26.0,0.0,0.0,0.0,0.0,0.0,0.0,0.0,0.0,0.0,0.0,0.0,0.0,0.3,7.92,0.83,10.8,2.52,25.0,17.24,9.0,0.0,0.62,0.93,4.68,5.04,1.76,0.4,3.0,0.0,0.0,0.0,0.0,0.0,0.0,True
Yan Gomes,543228,120,73.0,50.0,24.0,9.0,0.0,6.0,60.0,31.0,4.0,48.0,4.0,0.21,229.0,0.314,0.328,0.642,0.0,1.0,1.0,5.0,1068.0,264.0,75.0,26.0,97.0,0.0,0.0,0.258,0.7,38.17,0.0,0.0,0.0,0.0,0.0,0.0,0.0,0.0,0.0,0.0,0.0,0.0,0.3,7.92,0.83,10.8,2.52,25.0,17.24,9.0,0.0,0.62,0.93,4.68,5.04,1.76,0.4,5.0,0.0,0.0,0.167,0.167,0.0,0.0,True
Anthony Santander,623993,110,65.0,58.0,32.0,15.0,1.0,11.0,50.0,15.0,0.0,72.0,1.0,0.277,260.0,0.315,0.469,0.785,2.0,1.0,0.333,0.0,1129.0,280.0,122.0,35.0,114.0,1.0,3.0,0.302,0.69,23.64,0.0,0.0,0.0,0.0,0.0,0.0,0.0,0.0,0.0,0.0,0.0,0.0,0.229,5.54,1.12,7.62,1.38,13.0,16.62,6.92,1.0,0.57,0.88,4.85,5.54,1.46,1.0,2.0,0.0,0.0,0.0,0.0,0.0,1.0,False
Chance Sisco,642082,110,43.0,26.0,23.0,6.0,0.0,6.0,50.0,15.0,0.0,30.0,6.0,0.219,137.0,0.323,0.394,0.717,1.0,0.0,0.0,4.0,674.0,158.0,54.0,18.0,58.0,0.0,0.0,0.296,0.84,22.83,0.0,0.0,0.0,0.0,0.0,0.0,0.0,0.0,0.0,0.0,0.0,0.0,0.229,5.54,1.12,7.62,1.38,13.0,16.62,6.92,1.0,0.57,0.88,4.85,5.54,1.46,1.0,0.0,0.0,0.0,0.0,0.0,0.0,1.0,False
Chris Davis,448801,110,90.0,47.0,22.0,8.0,0.0,9.0,121.0,31.0,1.0,47.0,3.0,0.179,263.0,0.27,0.312,0.582,0.0,0.0,0.0,6.0,1285.0,300.0,82.0,32.0,112.0,0.0,3.0,0.279,0.92,29.22,0.0,0.0,0.0,0.0,0.0,0.0,0.0,0.0,0.0,0.0,0.0,0.0,0.229,5.54,1.12,7.62,1.38,13.0,16.62,6.92,1.0,0.57,0.88,4.85,5.54,1.46,1.0,3.0,0.667,2.0,0.667,1.334,0.667,1.0,False
DJ Stewart,621466,110,12.0,10.0,0.0,1.0,0.0,0.0,13.0,1.0,0.0,8.0,0.0,0.195,41.0,0.214,0.22,0.434,0.0,1.0,1.0,0.0,171.0,42.0,9.0,2.0,9.0,0.0,0.0,0.286,1.0,0.0,0.0,0.0,0.0,0.0,0.0,0.0,0.0,0.0,0.0,0.0,0.0,0.0,0.229,5.54,1.12,7.62,1.38,13.0,16.62,6.92,1.0,0.57,0.88,4.85,5.54,1.46,1.0,2.0,0.5,1.0,0.5,1.5,1.0,1.0,True
Hanser Alberto,593643,110,107.0,120.0,41.0,18.0,2.0,8.0,39.0,11.0,1.0,125.0,3.0,0.318,393.0,0.339,0.435,0.774,2.0,4.0,0.667,6.0,1323.0,412.0,171.0,40.0,135.0,2.0,3.0,0.335,1.05,49.12,0.0,0.0,0.0,0.0,0.0,0.0,0.0,0.0,0.0,0.0,0.0,0.0,0.229,5.54,1.12,7.62,1.38,13.0,16.62,6.92,1.0,0.57,0.88,4.85,5.54,1.46,1.0,2.0,0.0,0.0,0.0,0.0,0.0,0.0,True
Jace Peterson,607054,110,24.0,21.0,13.0,3.0,1.0,2.0,19.0,6.0,0.0,20.0,0.0,0.233,86.0,0.28,0.36,0.64,1.0,4.0,0.8,1.0,381.0,93.0,31.0,11.0,28.0,0.0,1.0,0.273,0.78,43.0,0.0,0.0,0.0,0.0,0.0,0.0,0.0,0.0,0.0,0.0,0.0,0.0,0.229,5.54,1.12,7.62,1.38,13.0,16.62,6.92,1.0,0.57,0.88,4.85,5.54,1.46,1.0,4.0,0.25,1.0,0.25,0.5,0.25,1.0,True
Jonathan Villar,542340,110,126.0,134.0,83.0,28.0,4.0,16.0,135.0,51.0,0.0,135.0,3.0,0.276,490.0,0.346,0.447,0.793,7.0,28.0,0.8,8.0,2201.0,548.0,219.0,55.0,171.0,2.0,2.0,0.349,1.49,30.62,0.0,0.0,0.0,0.0,0.0,0.0,0.0,0.0,0.0,0.0,0.0,0.0,0.229,5.54,1.12,7.62,1.38,13.0,16.62,6.92,1.0,0.57,0.88,4.85,5.54,1.46,1.0,4.0,0.25,1.0,0.4,1.4,1.0,1.0,True
Pedro Severino,600474,110,74.0,61.0,28.0,10.0,0.0,10.0,61.0,24.0,0.0,61.0,4.0,0.254,240.0,0.33,0.421,0.75,1.0,2.0,0.667,3.0,1130.0,271.0,101.0,30.0,110.0,1.0,2.0,0.298,1.02,24.0,0.0,0.0,0.0,0.0,0.0,0.0,0.0,0.0,0.0,0.0,0.0,0.0,0.229,5.54,1.12,7.62,1.38,13.0,16.62,6.92,1.0,0.57,0.88,4.85,5.54,1.46,1.0,1.0,0.0,0.0,0.5,0.5,0.0,0.0,False
Renato Nunez,600524,110,120.0,87.0,62.0,21.0,0.0,27.0,116.0,36.0,1.0,105.0,7.0,0.239,439.0,0.306,0.472,0.777,1.0,0.0,0.0,7.0,1998.0,484.0,207.0,72.0,186.0,0.0,2.0,0.262,0.65,16.26,0.0,0.0,0.0,0.0,0.0,0.0,0.0,0.0,0.0,0.0,0.0,0.0,0.229,5.54,1.12,7.62,1.38,13.0,16.62,6.92,1.0,0.57,0.88,4.85,5.54,1.46,1.0,2.0,0.0,0.0,0.0,0.0,0.0,0.0,False
Richie Martin,621006,110,97.0,73.0,23.0,6.0,3.0,4.0,75.0,14.0,0.0,46.0,4.0,0.191,241.0,0.247,0.29,0.538,1.0,7.0,0.875,6.0,1058.0,262.0,70.0,13.0,122.0,3.0,0.0,0.259,1.46,60.25,0.0,0.0,0.0,0.0,0.0,0.0,0.0,0.0,0.0,0.0,0.0,0.0,0.229,5.54,1.12,7.62,1.38,13.0,16.62,6.92,1.0,0.57,0.88,4.85,5.54,1.46,1.0,0.0,0.0,0.0,0.0,0.0,0.0,0.0,False
Rio Ruiz,547004,110,97.0,69.0,26.0,9.0,1.0,8.0,71.0,30.0,0.0,69.0,0.0,0.246,280.0,0.317,0.371,0.689,1.0,0.0,0.0,7.0,1214.0,313.0,104.0,35.0,104.0,1.0,2.0,0.3,0.93,35.0,0.0,0.0,0.0,0.0,0.0,0.0,0.0,0.0,0.0,0.0,0.0,0.0,0.229,5.54,1.12,7.62,1.38,13.0,16.62,6.92,1.0,0.57,0.88,4.85,5.54,1.46,1.0,1.0,0.0,0.0,0.5,0.5,0.0,1.0,True
Stevie Wilkerson,592859,110,89.0,69.0,33.0,14.0,1.0,10.0,92.0,13.0,0.0,59.0,4.0,0.22,268.0,0.266,0.392,0.658,3.0,2.0,0.4,4.0,1160.0,286.0,105.0,32.0,121.0,0.0,1.0,0.293,1.41,26.8,0.0,0.0,0.0,0.0,0.0,0.0,0.0,0.0,0.0,0.0,0.0,0.0,0.229,5.54,1.12,7.62,1.38,13.0,16.62,6.92,1.0,0.57,0.88,4.85,5.54,1.46,1.0,0.0,0.0,0.0,0.0,0.0,0.0,1.0,False
Trey Mancini,641820,110,120.0,130.0,82.0,28.0,2.0,29.0,110.0,48.0,2.0,129.0,5.0,0.276,468.0,0.347,0.53,0.877,0.0,1.0,1.0,14.0,2101.0,524.0,248.0,73.0,184.0,0.0,3.0,0.301,1.27,16.14,0.0,0.0,0.0,0.0,0.0,0.0,0.0,0.0,0.0,0.0,0.0,0.0,0.229,5.54,1.12,7.62,1.38,13.0,16.62,6.92,1.0,0.57,0.88,4.85,5.54,1.46,1.0,5.0,0.2,1.0,0.2,0.4,0.2,0.0,False
Alex Gordon,460086,118,119.0,141.0,66.0,27.0,1.0,12.0,81.0,39.0,3.0,117.0,13.0,0.26,450.0,0.333,0.404,0.737,2.0,5.0,0.714,10.0,1891.0,509.0,182.0,63.0,172.0,1.0,6.0,0.289,1.19,37.5,0.0,0.0,0.0,0.0,0.0,0.0,0.0,0.0,0.0,0.0,0.0,0.0,0.293,7.06,0.65,11.22,1.7,21.2,21.51,7.64,0.0,0.62,1.5,6.23,4.15,1.71,0.2,3.0,0.333,1.0,0.333,0.666,0.333,1.0,True
Brett Phillips,621433,118,4.0,5.0,2.0,1.0,0.0,0.0,3.0,2.0,0.0,2.0,0.0,0.167,12.0,0.286,0.25,0.536,0.0,1.0,1.0,0.0,56.0,14.0,3.0,1.0,6.0,0.0,0.0,0.222,2.5,0.0,0.0,0.0,0.0,0.0,0.0,0.0,0.0,0.0,0.0,0.0,0.0,0.0,0.293,7.06,0.65,11.22,1.7,21.2,21.51,7.64,0.0,0.62,1.5,6.23,4.15,1.71,0.2,0.0,0.0,0.0,0.0,0.0,0.0,1.0,False
Bubba Starling,605490,118,29.0,27.0,14.0,3.0,0.0,2.0,38.0,6.0,0.0,22.0,0.0,0.204,108.0,0.246,0.287,0.533,0.0,1.0,1.0,2.0,411.0,115.0,31.0,8.0,49.0,1.0,0.0,0.294,1.23,54.0,0.0,0.0,0.0,0.0,0.0,0.0,0.0,0.0,0.0,0.0,0.0,0.0,0.293,7.06,0.65,11.22,1.7,21.2,21.51,7.64,0.0,0.62,1.5,6.23,4.15,1.71,0.2,2.0,0.0,0.0,0.0,0.0,0.0,0.0,False
Cheslor Cuthbert,596144,118,66.0,69.0,20.0,11.0,0.0,8.0,53.0,12.0,1.0,66.0,2.0,0.257,257.0,0.295,0.393,0.688,0.0,1.0,1.0,12.0,1053.0,271.0,101.0,31.0,116.0,0.0,0.0,0.296,1.0,32.12,0.0,0.0,0.0,0.0,0.0,0.0,0.0,0.0,0.0,0.0,0.0,0.0,0.293,7.06,0.65,11.22,1.7,21.2,21.51,7.64,0.0,0.62,1.5,6.23,4.15,1.71,0.2,2.0,0.0,0.0,0.0,0.0,0.0,0.0,False
Humberto Arteaga,600858,118,29.0,34.0,8.0,2.0,0.0,0.0,20.0,5.0,0.0,17.0,1.0,0.183,93.0,0.232,0.204,0.437,1.0,1.0,0.5,2.0,384.0,101.0,19.0,4.0,42.0,2.0,0.0,0.233,1.42,0.0,0.0,0.0,0.0,0.0,0.0,0.0,0.0,0.0,0.0,0.0,0.0,0.0,0.293,7.06,0.65,11.22,1.7,21.2,21.51,7.64,0.0,0.62,1.5,6.23,4.15,1.71,0.2,2.0,0.0,0.0,0.0,0.0,0.0,0.0,False
Hunter Dozier,641531,118,104.0,67.0,60.0,23.0,7.0,22.0,102.0,47.0,2.0,111.0,3.0,0.287,387.0,0.365,0.553,0.918,1.0,2.0,0.667,7.0,1689.0,441.0,214.0,69.0,160.0,0.0,4.0,0.333,0.6,17.59,0.0,0.0,0.0,0.0,0.0,0.0,0.0,0.0,0.0,0.0,0.0,0.0,0.293,7.06,0.65,11.22,1.7,21.2,21.51,7.64,0.0,0.62,1.5,6.23,4.15,1.71,0.2,2.0,0.5,1.0,0.667,1.167,0.5,0.0,True
Jorge Soler,624585,118,127.0,101.0,69.0,25.0,0.0,35.0,138.0,58.0,1.0,117.0,9.0,0.258,454.0,0.351,0.544,0.895,1.0,1.0,0.5,13.0,2145.0,526.0,247.0,88.0,192.0,0.0,3.0,0.289,1.0,12.97,0.0,0.0,0.0,0.0,0.0,0.0,0.0,0.0,0.0,0.0,0.0,0.0,0.293,7.06,0.65,11.22,1.7,21.2,21.51,7.64,0.0,0.62,1.5,6.23,4.15,1.71,0.2,2.0,0.0,0.0,0.333,0.333,0.0,0.0,False
Meibrys Viloria,650619,118,18.0,21.0,3.0,4.0,0.0,1.0,20.0,5.0,0.0,13.0,0.0,0.213,61.0,0.269,0.328,0.597,0.0,0.0,0.0,2.0,267.0,67.0,20.0,9.0,17.0,0.0,1.0,0.293,2.63,61.0,0.0,0.0,0.0,0.0,0.0,0.0,0.0,0.0,0.0,0.0,0.0,0.0,0.293,7.06,0.65,11.22,1.7,21.2,21.51,7.64,0.0,0.62,1.5,6.23,4.15,1.71,0.2,0.0,0.0,0.0,0.0,0.0,0.0,1.0,False
Nick Dini,664926,118,4.0,4.0,4.0,0.0,0.0,1.0,4.0,1.0,0.0,2.0,0.0,0.143,14.0,0.2,0.357,0.557,0.0,0.0,0.0,0.0,56.0,16.0,5.0,1.0,2.0,1.0,0.0,0.111,0.8,14.0,0.0,0.0,0.0,0.0,0.0,0.0,0.0,0.0,0.0,0.0,0.0,0.0,0.293,7.06,0.65,11.22,1.7,21.2,21.51,7.64,0.0,0.62,1.5,6.23,4.15,1.71,0.2,2.0,0.0,0.0,0.0,0.0,0.0,0.0,True
Nicky Lopez,670032,118,80.0,129.0,34.0,15.0,1.0,2.0,42.0,15.0,0.0,69.0,1.0,0.228,302.0,0.267,0.305,0.572,1.0,1.0,0.5,5.0,1248.0,322.0,92.0,20.0,132.0,4.0,0.0,0.26,1.95,151.0,0.0,0.0,0.0,0.0,0.0,0.0,0.0,0.0,0.0,0.0,0.0,0.0,0.293,7.06,0.65,11.22,1.7,21.2,21.51,7.64,0.0,0.62,1.5,6.23,4.15,1.71,0.2,2.0,0.5,1.0,0.5,1.0,0.5,1.0,True
Ryan O'Hearn,656811,118,74.0,69.0,21.0,8.0,1.0,7.0,70.0,28.0,1.0,42.0,1.0,0.173,243.0,0.26,0.3,0.56,1.0,0.0,0.0,7.0,1099.0,273.0,73.0,22.0,123.0,0.0,1.0,0.21,1.1,34.71,0.0,0.0,0.0,0.0,0.0,0.0,0.0,0.0,0.0,0.0,0.0,0.0,0.293,7.06,0.65,11.22,1.7,21.2,21.51,7.64,0.0,0.62,1.5,6.23,4.15,1.71,0.2,0.0,0.0,0.0,0.0,0.0,0.0,1.0,False
Whit Merrifield,593160,118,127.0,124.0,84.0,33.0,9.0,14.0,95.0,40.0,4.0,159.0,4.0,0.299,532.0,0.351,0.474,0.825,8.0,16.0,0.667,7.0,2211.0,578.0,252.0,64.0,164.0,0.0,2.0,0.341,0.79,38.0,0.0,0.0,0.0,0.0,0.0,0.0,0.0,0.0,0.0,0.0,0.0,0.0,0.293,7.06,0.65,11.22,1.7,21.2,21.51,7.64,0.0,0.62,1.5,6.23,4.15,1.71,0.2,3.0,0.333,1.0,0.333,0.666,0.333,0.0,True
Aristides Aquino,606157,113,19.0,12.0,15.0,1.0,0.0,11.0,17.0,6.0,1.0,20.0,1.0,0.313,64.0,0.38,0.844,1.224,0.0,0.0,0.0,1.0,290.0,71.0,54.0,23.0,29.0,0.0,0.0,0.25,0.8,5.82,0.0,0.0,0.0,0.0,0.0,0.0,0.0,0.0,0.0,0.0,0.0,0.0,0.305,3.98,0.97,11.07,1.79,20.1,17.56,4.03,0.0,0.65,4.5,7.97,1.77,1.43,1.0,1.0,0.0,0.0,0.5,0.5,0.0,1.0,False
Brian O'Grady,657434,113,8.0,1.0,0.0,0.0,0.0,0.0,2.0,0.0,0.0,1.0,0.0,0.1,10.0,0.1,0.1,0.2,0.0,0.0,0.0,0.0,43.0,10.0,1.0,0.0,4.0,0.0,0.0,0.125,0.17,0.0,0.0,0.0,0.0,0.0,0.0,0.0,0.0,0.0,0.0,0.0,0.0,0.0,0.305,3.98,0.97,11.07,1.79,20.1,17.56,4.03,0.0,0.65,4.5,7.97,1.77,1.43,1.0,0.0,0.0,0.0,0.0,0.0,0.0,0.0,False
Eugenio Suarez,553993,113,124.0,93.0,67.0,18.0,1.0,34.0,144.0,52.0,3.0,115.0,8.0,0.254,452.0,0.338,0.524,0.862,2.0,3.0,0.6,12.0,2143.0,518.0,237.0,77.0,189.0,0.0,6.0,0.289,0.88,13.29,0.0,0.0,0.0,0.0,0.0,0.0,0.0,0.0,0.0,0.0,0.0,0.0,0.305,3.98,0.97,11.07,1.79,20.1,17.56,4.03,0.0,0.65,4.5,7.97,1.77,1.43,1.0,5.0,0.2,1.0,0.556,0.956,0.4,1.0,False
Freddy Galvis,520471,113,123.0,106.0,61.0,24.0,1.0,21.0,122.0,21.0,1.0,132.0,0.0,0.276,479.0,0.305,0.461,0.766,1.0,4.0,0.8,11.0,1934.0,503.0,221.0,60.0,181.0,1.0,2.0,0.328,0.87,22.81,0.0,0.0,0.0,0.0,0.0,0.0,0.0,0.0,0.0,0.0,0.0,0.0,0.305,3.98,0.97,11.07,1.79,20.1,17.56,4.03,0.0,0.65,4.5,7.97,1.77,1.43,1.0,2.0,0.5,1.0,0.5,2.5,2.0,0.0,True
Jesse Winker,608385,113,113.0,110.0,51.0,17.0,2.0,16.0,60.0,38.0,2.0,91.0,8.0,0.269,338.0,0.357,0.473,0.83,2.0,0.0,0.0,10.0,1522.0,384.0,160.0,38.0,125.0,0.0,0.0,0.286,1.43,21.12,0.0,0.0,0.0,0.0,0.0,0.0,0.0,0.0,0.0,0.0,0.0,0.0,0.305,3.98,0.97,11.07,1.79,20.1,17.56,4.03,0.0,0.65,4.5,7.97,1.77,1.43,1.0,0.0,0.0,0.0,0.0,0.0,0.0,0.0,False
Jose Iglesias,578428,113,114.0,129.0,51.0,18.0,3.0,8.0,56.0,15.0,3.0,115.0,3.0,0.293,393.0,0.322,0.415,0.737,5.0,5.0,0.5,12.0,1515.0,413.0,163.0,47.0,147.0,0.0,2.0,0.323,1.36,49.12,0.0,0.0,0.0,0.0,0.0,0.0,0.0,0.0,0.0,0.0,0.0,0.0,0.305,3.98,0.97,11.07,1.79,20.1,17.56,4.03,0.0,0.65,4.5,7.97,1.77,1.43,1.0,5.0,0.4,2.0,0.4,0.8,0.4,1.0,True
Jose Peraza,606299,113,115.0,71.0,31.0,12.0,2.0,6.0,51.0,13.0,0.0,74.0,8.0,0.24,308.0,0.287,0.351,0.638,5.0,5.0,0.5,9.0,1133.0,331.0,108.0,33.0,114.0,0.0,2.0,0.269,0.62,51.33,0.0,0.0,0.0,0.0,0.0,0.0,0.0,0.0,0.0,0.0,0.0,0.0,0.305,3.98,0.97,11.07,1.79,20.1,17.56,4.03,0.0,0.65,4.5,7.97,1.77,1.43,1.0,10.0,0.5,5.0,0.5,1.1,0.6,1.0,True
Josh VanMeter,642165,113,61.0,28.0,20.0,10.0,0.0,4.0,32.0,16.0,0.0,39.0,2.0,0.295,132.0,0.38,0.462,0.842,3.0,5.0,0.625,3.0,611.0,150.0,61.0,14.0,74.0,0.0,0.0,0.365,0.85,33.0,0.0,0.0,0.0,0.0,0.0,0.0,0.0,0.0,0.0,0.0,0.0,0.0,0.305,3.98,0.97,11.07,1.79,20.1,17.56,4.03,0.0,0.65,4.5,7.97,1.77,1.43,1.0,0.0,0.0,0.0,0.0,0.0,0.0,0.0,True
Kyle Farmer,571657,113,81.0,32.0,19.0,5.0,0.0,7.0,46.0,6.0,1.0,36.0,3.0,0.247,146.0,0.288,0.425,0.713,1.0,4.0,0.8,1.0,651.0,156.0,62.0,24.0,61.0,0.0,1.0,0.309,0.97,20.86,0.0,0.0,0.0,0.0,0.0,0.0,0.0,0.0,0.0,0.0,0.0,0.0,0.305,3.98,0.97,11.07,1.79,20.1,17.56,4.03,0.0,0.65,4.5,7.97,1.77,1.43,1.0,6.0,0.333,2.0,0.429,0.762,0.333,1.0,False
Nick Senzel,669222,113,88.0,86.0,49.0,20.0,4.0,10.0,85.0,26.0,0.0,89.0,2.0,0.268,332.0,0.324,0.443,0.767,4.0,12.0,0.75,6.0,1411.0,366.0,147.0,38.0,102.0,0.0,1.0,0.332,1.18,33.2,0.0,0.0,0.0,0.0,0.0,0.0,0.0,0.0,0.0,0.0,0.0,0.0,0.305,3.98,0.97,11.07,1.79,20.1,17.56,4.03,0.0,0.65,4.5,7.97,1.77,1.43,1.0,0.0,0.0,0.0,0.0,0.0,0.0,1.0,False
Phillip Ervin,640447,113,60.0,26.0,19.0,7.0,5.0,3.0,32.0,11.0,0.0,41.0,2.0,0.32,128.0,0.383,0.523,0.906,2.0,3.0,0.6,2.0,619.0,141.0,67.0,14.0,45.0,0.0,0.0,0.409,0.9,42.67,0.0,0.0,0.0,0.0,0.0,0.0,0.0,0.0,0.0,0.0,0.0,0.0,0.305,3.98,0.97,11.07,1.79,20.1,17.56,4.03,0.0,0.65,4.5,7.97,1.77,1.43,1.0,4.0,0.0,0.0,0.0,0.0,0.0,1.0,False
Tucker Barnhart,571466,113,82.0,63.0,28.0,8.0,0.0,9.0,64.0,32.0,7.0,53.0,2.0,0.232,228.0,0.331,0.386,0.717,0.0,0.0,0.0,3.0,1006.0,264.0,88.0,32.0,81.0,1.0,1.0,0.282,1.26,25.33,0.0,0.0,0.0,0.0,0.0,0.0,0.0,0.0,0.0,0.0,0.0,0.0,0.305,3.98,0.97,11.07,1.79,20.1,17.56,4.03,0.0,0.65,4.5,7.97,1.77,1.43,1.0,5.0,0.4,2.0,0.4,0.8,0.4,0.0,True
Austin Hedges,595978,135,77.0,44.0,20.0,9.0,0.0,9.0,87.0,15.0,1.0,48.0,5.0,0.194,247.0,0.254,0.34,0.594,0.0,1.0,1.0,3.0,1061.0,270.0,84.0,31.0,109.0,2.0,1.0,0.257,0.62,27.44,0.0,0.0,0.0,0.0,0.0,0.0,0.0,0.0,0.0,0.0,0.0,0.0,0.258,5.87,0.85,9.0,1.57,23.0,18.09,6.26,1.0,0.63,3.75,11.74,3.13,1.35,0.33,0.0,0.0,0.0,0.0,0.0,0.0,1.0,False
Eric Hosmer,543333,135,124.0,160.0,63.0,24.0,1.0,18.0,110.0,34.0,3.0,139.0,2.0,0.285,487.0,0.332,0.45,0.782,2.0,0.0,0.0,10.0,2000.0,527.0,219.0,82.0,167.0,0.0,4.0,0.333,1.95,27.06,0.0,0.0,0.0,0.0,0.0,0.0,0.0,0.0,0.0,0.0,0.0,0.0,0.258,5.87,0.85,9.0,1.57,23.0,18.09,6.26,1.0,0.63,3.75,11.74,3.13,1.35,0.33,24.0,0.25,6.0,0.308,0.683,0.375,0.0,False
Francisco Mejia,642336,135,63.0,35.0,23.0,7.0,2.0,7.0,45.0,11.0,1.0,51.0,3.0,0.273,187.0,0.322,0.444,0.766,0.0,1.0,1.0,4.0,751.0,202.0,83.0,18.0,85.0,0.0,1.0,0.324,0.61,26.71,0.0,0.0,0.0,0.0,0.0,0.0,0.0,0.0,0.0,0.0,0.0,0.0,0.258,5.87,0.85,9.0,1.57,23.0,18.09,6.26,1.0,0.63,3.75,11.74,3.13,1.35,0.33,3.0,0.333,1.0,0.333,1.666,1.333,0.0,True
Greg Garcia,594824,135,99.0,66.0,40.0,11.0,3.0,3.0,60.0,31.0,0.0,59.0,3.0,0.268,220.0,0.363,0.386,0.75,2.0,0.0,0.0,3.0,1098.0,257.0,85.0,26.0,80.0,1.0,2.0,0.352,1.74,73.33,0.0,0.0,0.0,0.0,0.0,0.0,0.0,0.0,0.0,0.0,0.0,0.0,0.258,5.87,0.85,9.0,1.57,23.0,18.09,6.26,1.0,0.63,3.75,11.74,3.13,1.35,0.33,3.0,0.667,2.0,0.667,1.334,0.667,0.0,True
Hunter Renfroe,592669,135,114.0,73.0,58.0,18.0,1.0,31.0,122.0,36.0,1.0,88.0,1.0,0.233,377.0,0.298,0.533,0.831,0.0,4.0,1.0,6.0,1686.0,419.0,201.0,61.0,155.0,0.0,5.0,0.249,0.74,12.16,0.0,0.0,0.0,0.0,0.0,0.0,0.0,0.0,0.0,0.0,0.0,0.0,0.258,5.87,0.85,9.0,1.57,23.0,18.09,6.26,1.0,0.63,3.75,11.74,3.13,1.35,0.33,6.0,0.167,1.0,0.167,0.334,0.167,1.0,False
Josh Naylor,647304,135,59.0,51.0,19.0,8.0,0.0,7.0,37.0,16.0,1.0,39.0,0.0,0.253,154.0,0.322,0.442,0.763,1.0,1.0,0.5,3.0,698.0,171.0,68.0,26.0,50.0,0.0,1.0,0.288,1.82,22.0,0.0,0.0,0.0,0.0,0.0,0.0,0.0,0.0,0.0,0.0,0.0,0.0,0.258,5.87,0.85,9.0,1.57,23.0,18.09,6.26,1.0,0.63,3.75,11.74,3.13,1.35,0.33,2.0,0.0,0.0,0.333,0.333,0.0,0.0,False
Luis Urias,649966,135,37.0,32.0,17.0,4.0,0.0,2.0,28.0,17.0,0.0,19.0,5.0,0.183,104.0,0.325,0.279,0.604,1.0,0.0,0.0,5.0,536.0,126.0,29.0,13.0,42.0,0.0,0.0,0.23,1.28,52.0,0.0,0.0,0.0,0.0,0.0,0.0,0.0,0.0,0.0,0.0,0.0,0.0,0.258,5.87,0.85,9.0,1.57,23.0,18.09,6.26,1.0,0.63,3.75,11.74,3.13,1.35,0.33,3.0,0.0,0.0,0.0,0.0,0.0,1.0,False
Manny Machado,592518,135,122.0,115.0,67.0,17.0,1.0,26.0,105.0,46.0,2.0,126.0,4.0,0.266,474.0,0.334,0.47,0.804,2.0,4.0,0.667,18.0,1912.0,527.0,223.0,71.0,171.0,0.0,3.0,0.289,0.88,18.23,0.0,0.0,0.0,0.0,0.0,0.0,0.0,0.0,0.0,0.0,0.0,0.0,0.258,5.87,0.85,9.0,1.57,23.0,18.09,6.26,1.0,0.63,3.75,11.74,3.13,1.35,0.33,17.0,0.588,10.0,0.667,2.079,1.412,1.0,True
Manuel Margot,622534,135,115.0,76.0,52.0,17.0,1.0,10.0,64.0,33.0,1.0,73.0,1.0,0.242,302.0,0.318,0.404,0.722,1.0,17.0,0.944,5.0,1321.0,338.0,122.0,28.0,126.0,2.0,0.0,0.276,0.84,30.2,0.0,0.0,0.0,0.0,0.0,0.0,0.0,0.0,0.0,0.0,0.0,0.0,0.258,5.87,0.85,9.0,1.57,23.0,18.09,6.26,1.0,0.63,3.75,11.74,3.13,1.35,0.33,3.0,0.0,0.0,0.0,0.0,0.0,1.0,False
Travis Jankowski,608671,135,5.0,1.0,0.0,0.0,0.0,0.0,2.0,0.0,0.0,0.0,0.0,0.0,5.0,0.0,0.0,0.0,0.0,0.0,0.0,0.0,22.0,5.0,0.0,0.0,1.0,0.0,0.0,0.0,0.5,0.0,0.0,0.0,0.0,0.0,0.0,0.0,0.0,0.0,0.0,0.0,0.0,0.0,0.258,5.87,0.85,9.0,1.57,23.0,18.09,6.26,1.0,0.63,3.75,11.74,3.13,1.35,0.33,2.0,0.0,0.0,0.0,0.0,0.0,0.0,False
Ty France,664034,135,39.0,27.0,9.0,4.0,1.0,2.0,30.0,4.0,0.0,24.0,4.0,0.216,111.0,0.267,0.324,0.591,1.0,0.0,0.0,4.0,490.0,120.0,36.0,11.0,40.0,0.0,1.0,0.275,0.87,55.5,0.0,0.0,0.0,0.0,0.0,0.0,0.0,0.0,0.0,0.0,0.0,0.0,0.258,5.87,0.85,9.0,1.57,23.0,18.09,6.26,1.0,0.63,3.75,11.74,3.13,1.35,0.33,0.0,0.0,0.0,0.0,0.0,0.0,1.0,False
Wil Myers,571976,135,120.0,62.0,49.0,16.0,0.0,14.0,137.0,42.0,0.0,77.0,2.0,0.227,339.0,0.316,0.398,0.714,6.0,10.0,0.625,9.0,1603.0,384.0,135.0,39.0,138.0,1.0,0.0,0.335,0.97,24.21,0.0,0.0,0.0,0.0,0.0,0.0,0.0,0.0,0.0,0.0,0.0,0.0,0.258,5.87,0.85,9.0,1.57,23.0,18.09,6.26,1.0,0.63,3.75,11.74,3.13,1.35,0.33,6.0,0.167,1.0,0.167,0.334,0.167,1.0,True
Austin Meadows,640457,139,104.0,71.0,52.0,19.0,7.0,21.0,107.0,38.0,5.0,110.0,5.0,0.276,398.0,0.347,0.518,0.865,5.0,9.0,0.643,1.0,1827.0,441.0,206.0,62.0,150.0,0.0,0.0,0.33,0.65,18.95,0.0,0.0,0.0,0.0,0.0,0.0,0.0,0.0,0.0,0.0,0.0,0.0,0.303,3.99,0.78,11.35,0.93,29.1,17.08,4.02,0.0,0.68,4.29,9.2,2.15,1.5,0.5,6.0,0.5,3.0,0.5,1.5,1.0,0.0,True
Eric Sogard,519299,139,91.0,74.0,57.0,22.0,2.0,13.0,54.0,36.0,1.0,104.0,1.0,0.304,342.0,0.369,0.494,0.863,0.0,8.0,1.0,3.0,1553.0,385.0,169.0,38.0,90.0,3.0,3.0,0.327,0.64,26.31,0.0,0.0,0.0,0.0,0.0,0.0,0.0,0.0,0.0,0.0,0.0,0.0,0.303,3.99,0.78,11.35,0.93,29.1,17.08,4.02,0.0,0.68,4.29,9.2,2.15,1.5,0.5,2.0,0.5,1.0,0.5,1.0,0.5,0.0,True
Guillermo Heredia,628338,139,73.0,48.0,25.0,10.0,0.0,3.0,49.0,17.0,0.0,38.0,6.0,0.217,175.0,0.307,0.326,0.632,1.0,2.0,0.667,4.0,788.0,201.0,57.0,16.0,82.0,2.0,1.0,0.282,1.12,58.33,0.0,0.0,0.0,0.0,0.0,0.0,0.0,0.0,0.0,0.0,0.0,0.0,0.303,3.99,0.78,11.35,0.93,29.1,17.08,4.02,0.0,0.68,4.29,9.2,2.15,1.5,0.5,0.0,0.0,0.0,0.0,0.0,0.0,1.0,False
Jesus Aguilar,542583,139,110.0,65.0,33.0,9.0,0.0,9.0,67.0,37.0,0.0,64.0,2.0,0.241,266.0,0.332,0.376,0.708,0.0,0.0,0.0,11.0,1291.0,313.0,100.0,39.0,115.0,0.0,5.0,0.282,0.87,29.56,0.0,0.0,0.0,0.0,0.0,0.0,0.0,0.0,0.0,0.0,0.0,0.0,0.303,3.99,0.78,11.35,0.93,29.1,17.08,4.02,0.0,0.68,4.29,9.2,2.15,1.5,0.5,11.0,0.273,3.0,0.273,0.818,0.545,1.0,True
Ji-Man Choi,596847,139,97.0,80.0,37.0,14.0,1.0,11.0,77.0,45.0,1.0,81.0,5.0,0.254,319.0,0.351,0.408,0.759,3.0,2.0,0.4,5.0,1531.0,373.0,130.0,43.0,135.0,0.0,4.0,0.298,0.94,29.0,0.0,0.0,0.0,0.0,0.0,0.0,0.0,0.0,0.0,0.0,0.0,0.0,0.303,3.99,0.78,11.35,0.93,29.1,17.08,4.02,0.0,0.68,4.29,9.2,2.15,1.5,0.5,2.0,0.0,0.0,0.333,0.333,0.0,0.0,False
Kevin Kiermaier,595281,139,104.0,117.0,50.0,17.0,7.0,12.0,84.0,21.0,2.0,91.0,1.0,0.243,374.0,0.285,0.422,0.707,4.0,18.0,0.818,7.0,1481.0,398.0,158.0,47.0,157.0,1.0,1.0,0.283,1.39,31.17,0.0,0.0,0.0,0.0,0.0,0.0,0.0,0.0,0.0,0.0,0.0,0.0,0.303,3.99,0.78,11.35,0.93,29.1,17.08,4.02,0.0,0.68,4.29,9.2,2.15,1.5,0.5,5.0,0.4,2.0,0.4,0.8,0.4,0.0,False
Matt Duffy,622110,139,22.0,33.0,5.0,4.0,0.0,0.0,14.0,9.0,0.0,20.0,0.0,0.25,80.0,0.326,0.3,0.626,0.0,0.0,0.0,1.0,363.0,89.0,24.0,7.0,26.0,0.0,0.0,0.303,2.54,0.0,0.0,0.0,0.0,0.0,0.0,0.0,0.0,0.0,0.0,0.0,0.0,0.0,0.303,3.99,0.78,11.35,0.93,29.1,17.08,4.02,0.0,0.68,4.29,9.2,2.15,1.5,0.5,8.0,0.375,3.0,0.444,0.944,0.5,1.0,False
Michael Brosseau,670712,139,38.0,21.0,14.0,6.0,0.0,5.0,31.0,5.0,0.0,31.0,2.0,0.277,112.0,0.319,0.464,0.784,0.0,1.0,1.0,2.0,494.0,120.0,52.0,15.0,47.0,1.0,0.0,0.342,0.7,22.4,0.0,0.0,0.0,0.0,0.0,0.0,0.0,0.0,0.0,0.0,0.0,0.0,0.303,3.99,0.78,11.35,0.93,29.1,17.08,4.02,0.0,0.68,4.29,9.2,2.15,1.5,0.5,5.0,0.2,1.0,0.2,0.4,0.2,1.0,False
Mike Zunino,572287,139,72.0,51.0,25.0,10.0,1.0,8.0,83.0,18.0,0.0,39.0,3.0,0.17,229.0,0.24,0.328,0.568,0.0,0.0,0.0,3.0,1019.0,250.0,75.0,27.0,133.0,0.0,0.0,0.225,0.91,28.62,0.0,0.0,0.0,0.0,0.0,0.0,0.0,0.0,0.0,0.0,0.0,0.0,0.303,3.99,0.78,11.35,0.93,29.1,17.08,4.02,0.0,0.68,4.29,9.2,2.15,1.5,0.5,0.0,0.0,0.0,0.0,0.0,0.0,1.0,False
Tommy Pham,502054,139,113.0,139.0,58.0,22.0,2.0,19.0,98.0,69.0,4.0,117.0,4.0,0.267,439.0,0.37,0.456,0.826,3.0,14.0,0.824,16.0,2056.0,513.0,200.0,54.0,193.0,0.0,1.0,0.303,1.62,23.1,0.0,0.0,0.0,0.0,0.0,0.0,0.0,0.0,0.0,0.0,0.0,0.0,0.303,3.99,0.78,11.35,0.93,29.1,17.08,4.02,0.0,0.68,4.29,9.2,2.15,1.5,0.5,4.0,0.5,2.0,0.667,1.917,1.25,1.0,True
Travis d'Arnaud,518595,139,77.0,63.0,41.0,11.0,0.0,13.0,61.0,27.0,0.0,61.0,1.0,0.241,253.0,0.313,0.439,0.752,1.0,0.0,0.0,3.0,1090.0,284.0,111.0,48.0,110.0,0.0,3.0,0.264,0.89,19.46,0.0,0.0,0.0,0.0,0.0,0.0,0.0,0.0,0.0,0.0,0.0,0.0,0.303,3.99,0.78,11.35,0.93,29.1,17.08,4.02,0.0,0.68,4.29,9.2,2.15,1.5,0.5,5.0,0.2,1.0,0.333,0.733,0.4,1.0,True
Willy Adames,642715,139,119.0,114.0,55.0,19.0,1.0,15.0,122.0,36.0,1.0,105.0,3.0,0.248,424.0,0.311,0.403,0.714,1.0,4.0,0.8,7.0,1859.0,466.0,171.0,37.0,189.0,3.0,0.0,0.314,1.33,28.27,0.0,0.0,0.0,0.0,0.0,0.0,0.0,0.0,0.0,0.0,0.0,0.0,0.303,3.99,0.78,11.35,0.93,29.1,17.08,4.02,0.0,0.68,4.29,9.2,2.15,1.5,0.5,4.0,0.0,0.0,0.2,0.2,0.0,1.0,False
Austin Nola,543592,136,47.0,26.0,22.0,8.0,1.0,7.0,30.0,9.0,1.0,41.0,2.0,0.318,129.0,0.371,0.558,0.93,0.0,0.0,0.0,2.0,491.0,141.0,72.0,17.0,47.0,1.0,0.0,0.37,0.79,18.43,0.0,0.0,0.0,0.0,0.0,0.0,0.0,0.0,0.0,0.0,0.0,0.0,0.344,8.69,0.81,14.19,3.28,19.2,20.39,10.78,0.0,0.66,2.55,12.81,5.03,2.14,0.25,1.0,1.0,1.0,1.0,5.0,4.0,1.0,True
Daniel Vogelbach,596129,136,115.0,71.0,64.0,16.0,0.0,27.0,116.0,74.0,2.0,84.0,2.0,0.222,378.0,0.351,0.479,0.83,0.0,0.0,0.0,3.0,2059.0,456.0,181.0,68.0,170.0,0.0,2.0,0.241,0.65,14.0,0.0,0.0,0.0,0.0,0.0,0.0,0.0,0.0,0.0,0.0,0.0,0.0,0.344,8.69,0.81,14.19,3.28,19.2,20.39,10.78,0.0,0.66,2.55,12.81,5.03,2.14,0.25,1.0,0.0,0.0,0.0,0.0,0.0,0.0,False
Dee Gordon,543829,136,87.0,106.0,30.0,9.0,4.0,3.0,47.0,13.0,0.0,83.0,1.0,0.277,300.0,0.304,0.363,0.667,4.0,17.0,0.81,6.0,1127.0,322.0,109.0,27.0,109.0,3.0,5.0,0.314,1.47,100.0,0.0,0.0,0.0,0.0,0.0,0.0,0.0,0.0,0.0,0.0,0.0,0.0,0.344,8.69,0.81,14.19,3.28,19.2,20.39,10.78,0.0,0.66,2.55,12.81,5.03,2.14,0.25,1.0,0.0,0.0,0.0,0.0,0.0,0.0,True
Dylan Moore,664238,136,85.0,33.0,22.0,10.0,2.0,5.0,68.0,19.0,0.0,35.0,6.0,0.201,174.0,0.302,0.368,0.669,7.0,7.0,0.5,5.0,837.0,200.0,64.0,14.0,75.0,1.0,0.0,0.297,0.85,34.8,0.0,0.0,0.0,0.0,0.0,0.0,0.0,0.0,0.0,0.0,0.0,0.0,0.344,8.69,0.81,14.19,3.28,19.2,20.39,10.78,0.0,0.66,2.55,12.81,5.03,2.14,0.25,0.0,0.0,0.0,0.0,0.0,0.0,1.0,False
J.P. Crawford,641487,136,70.0,70.0,32.0,18.0,3.0,5.0,66.0,34.0,0.0,63.0,1.0,0.243,259.0,0.33,0.394,0.724,3.0,5.0,0.625,3.0,1302.0,299.0,102.0,39.0,101.0,2.0,3.0,0.304,1.08,51.8,0.0,0.0,0.0,0.0,0.0,0.0,0.0,0.0,0.0,0.0,0.0,0.0,0.344,8.69,0.81,14.19,3.28,19.2,20.39,10.78,0.0,0.66,2.55,12.81,5.03,2.14,0.25,1.0,1.0,1.0,1.0,2.0,1.0,0.0,True
Keon Broxton,542979,136,87.0,39.0,23.0,4.0,0.0,6.0,96.0,17.0,0.0,34.0,1.0,0.175,194.0,0.243,0.289,0.532,5.0,10.0,0.667,5.0,904.0,215.0,56.0,16.0,109.0,1.0,2.0,0.298,1.39,32.33,0.0,0.0,0.0,0.0,0.0,0.0,0.0,0.0,0.0,0.0,0.0,0.0,0.344,8.69,0.81,14.19,3.28,19.2,20.39,10.78,0.0,0.66,2.55,12.81,5.03,2.14,0.25,2.0,0.0,0.0,0.333,0.333,0.0,1.0,False
Kyle Seager,572122,136,71.0,53.0,39.0,12.0,1.0,17.0,61.0,27.0,0.0,65.0,2.0,0.246,264.0,0.319,0.492,0.811,1.0,1.0,0.5,7.0,1155.0,295.0,130.0,42.0,108.0,0.0,2.0,0.255,0.61,15.53,0.0,0.0,0.0,0.0,0.0,0.0,0.0,0.0,0.0,0.0,0.0,0.0,0.344,8.69,0.81,14.19,3.28,19.2,20.39,10.78,0.0,0.66,2.55,12.81,5.03,2.14,0.25,2.0,0.0,0.0,0.0,0.0,0.0,0.0,True
Mallex Smith,605480,136,105.0,113.0,56.0,19.0,7.0,5.0,119.0,32.0,0.0,98.0,8.0,0.235,417.0,0.301,0.35,0.651,8.0,34.0,0.81,4.0,1854.0,459.0,146.0,31.0,140.0,1.0,1.0,0.316,1.27,83.4,0.0,0.0,0.0,0.0,0.0,0.0,0.0,0.0,0.0,0.0,0.0,0.0,0.344,8.69,0.81,14.19,3.28,19.2,20.39,10.78,0.0,0.66,2.55,12.81,5.03,2.14,0.25,1.0,0.0,0.0,0.0,0.0,0.0,0.0,False
Omar Narvaez,553882,136,103.0,71.0,53.0,9.0,0.0,17.0,74.0,38.0,1.0,97.0,3.0,0.284,342.0,0.358,0.459,0.818,0.0,0.0,0.0,5.0,1597.0,385.0,157.0,43.0,151.0,0.0,2.0,0.316,0.7,20.12,0.0,0.0,0.0,0.0,0.0,0.0,0.0,0.0,0.0,0.0,0.0,0.0,0.344,8.69,0.81,14.19,3.28,19.2,20.39,10.78,0.0,0.66,2.55,12.81,5.03,2.14,0.25,0.0,0.0,0.0,0.0,0.0,0.0,0.0,False
Tim Lopes,621005,136,15.0,13.0,6.0,2.0,0.0,1.0,7.0,4.0,0.0,12.0,1.0,0.273,44.0,0.34,0.386,0.726,1.0,3.0,0.75,1.0,185.0,50.0,17.0,8.0,19.0,0.0,1.0,0.297,1.0,44.0,0.0,0.0,0.0,0.0,0.0,0.0,0.0,0.0,0.0,0.0,0.0,0.0,0.344,8.69,0.81,14.19,3.28,19.2,20.39,10.78,0.0,0.66,2.55,12.81,5.03,2.14,0.25,2.0,0.0,0.0,0.0,0.0,0.0,1.0,False
Tom Murphy,608596,136,53.0,22.0,23.0,9.0,1.0,16.0,67.0,8.0,0.0,54.0,1.0,0.293,184.0,0.325,0.614,0.939,0.0,2.0,1.0,0.0,827.0,194.0,113.0,35.0,81.0,0.0,1.0,0.373,0.52,11.5,0.0,0.0,0.0,0.0,0.0,0.0,0.0,0.0,0.0,0.0,0.0,0.0,0.344,8.69,0.81,14.19,3.28,19.2,20.39,10.78,0.0,0.66,2.55,12.81,5.03,2.14,0.25,1.0,1.0,1.0,1.0,5.0,4.0,1.0,True
Dexter Fowler,451594,138,113.0,80.0,46.0,18.0,1.0,14.0,102.0,45.0,1.0,88.0,8.0,0.249,353.0,0.345,0.425,0.77,2.0,7.0,0.778,5.0,1709.0,410.0,150.0,45.0,124.0,1.0,3.0,0.308,0.92,25.21,0.0,0.0,0.0,0.0,0.0,0.0,0.0,0.0,0.0,0.0,0.0,0.0,0.28,7.2,0.93,10.08,2.16,25.0,17.52,7.56,0.75,0.62,1.27,5.04,3.96,1.56,0.2,23.0,0.174,4.0,0.174,0.478,0.304,1.0,True
Harrison Bader,664056,138,90.0,52.0,31.0,10.0,2.0,6.0,73.0,29.0,4.0,43.0,8.0,0.195,221.0,0.309,0.339,0.648,3.0,6.0,0.667,2.0,1074.0,260.0,75.0,19.0,90.0,1.0,1.0,0.259,0.95,36.83,0.0,0.0,0.0,0.0,0.0,0.0,0.0,0.0,0.0,0.0,0.0,0.0,0.28,7.2,0.93,10.08,2.16,25.0,17.52,7.56,0.75,0.62,1.27,5.04,3.96,1.56,0.2,3.0,1.0,3.0,1.0,3.0,2.0,0.0,False
Kolten Wong,543939,138,121.0,101.0,45.0,20.0,1.0,9.0,63.0,40.0,5.0,104.0,12.0,0.275,378.0,0.359,0.405,0.764,2.0,16.0,0.889,1.0,1593.0,437.0,153.0,45.0,159.0,3.0,4.0,0.306,0.86,42.0,0.0,0.0,0.0,0.0,0.0,0.0,0.0,0.0,0.0,0.0,0.0,0.0,0.28,7.2,0.93,10.08,2.16,25.0,17.52,7.56,0.75,0.62,1.27,5.04,3.96,1.56,0.2,17.0,0.118,2.0,0.238,0.65,0.412,1.0,False
Lane Thomas,657041,138,26.0,8.0,5.0,0.0,1.0,3.0,7.0,3.0,0.0,11.0,0.0,0.355,31.0,0.412,0.71,1.121,1.0,1.0,0.5,0.0,139.0,34.0,22.0,11.0,10.0,0.0,0.0,0.381,1.6,10.33,0.0,0.0,0.0,0.0,0.0,0.0,0.0,0.0,0.0,0.0,0.0,0.0,0.28,7.2,0.93,10.08,2.16,25.0,17.52,7.56,0.75,0.62,1.27,5.04,3.96,1.56,0.2,0.0,0.0,0.0,0.0,0.0,0.0,0.0,False
Marcell Ozuna,542303,138,93.0,88.0,59.0,18.0,0.0,22.0,79.0,40.0,2.0,88.0,1.0,0.256,344.0,0.334,0.5,0.834,1.0,12.0,0.923,14.0,1588.0,386.0,172.0,67.0,168.0,0.0,1.0,0.27,0.98,15.64,0.0,0.0,0.0,0.0,0.0,0.0,0.0,0.0,0.0,0.0,0.0,0.0,0.28,7.2,0.93,10.08,2.16,25.0,17.52,7.56,0.75,0.62,1.27,5.04,3.96,1.56,0.2,20.0,0.35,7.0,0.409,0.809,0.4,0.0,False
Matt Carpenter,572761,138,95.0,58.0,47.0,14.0,2.0,11.0,101.0,51.0,0.0,72.0,5.0,0.215,335.0,0.324,0.367,0.691,1.0,6.0,0.857,3.0,1758.0,396.0,123.0,33.0,117.0,1.0,4.0,0.269,0.53,30.46,0.0,0.0,0.0,0.0,0.0,0.0,0.0,0.0,0.0,0.0,0.0,0.0,0.28,7.2,0.93,10.08,2.16,25.0,17.52,7.56,0.75,0.62,1.27,5.04,3.96,1.56,0.2,25.0,0.48,12.0,0.567,1.567,1.0,1.0,True
Matt Wieters,446308,138,56.0,30.0,14.0,4.0,0.0,10.0,46.0,10.0,0.0,34.0,1.0,0.222,153.0,0.271,0.444,0.716,1.0,1.0,0.5,3.0,702.0,166.0,68.0,23.0,81.0,0.0,2.0,0.242,0.67,15.3,0.0,0.0,0.0,0.0,0.0,0.0,0.0,0.0,0.0,0.0,0.0,0.0,0.28,7.2,0.93,10.08,2.16,25.0,17.52,7.56,0.75,0.62,1.27,5.04,3.96,1.56,0.2,6.0,0.0,0.0,0.0,0.0,0.0,1.0,False
Paul DeJong,657557,138,121.0,94.0,78.0,27.0,1.0,22.0,107.0,44.0,1.0,111.0,9.0,0.246,451.0,0.323,0.457,0.78,5.0,6.0,0.545,11.0,1958.0,507.0,206.0,57.0,188.0,0.0,3.0,0.274,0.66,20.5,0.0,0.0,0.0,0.0,0.0,0.0,0.0,0.0,0.0,0.0,0.0,0.0,0.28,7.2,0.93,10.08,2.16,25.0,17.52,7.56,0.75,0.62,1.27,5.04,3.96,1.56,0.2,8.0,0.25,2.0,0.25,0.5,0.25,0.0,True
Paul Goldschmidt,502671,138,123.0,94.0,74.0,15.0,0.0,28.0,130.0,52.0,1.0,119.0,2.0,0.259,460.0,0.335,0.474,0.809,1.0,1.0,0.5,7.0,2190.0,518.0,218.0,68.0,161.0,0.0,2.0,0.299,0.79,16.43,0.0,0.0,0.0,0.0,0.0,0.0,0.0,0.0,0.0,0.0,0.0,0.0,0.28,7.2,0.93,10.08,2.16,25.0,17.52,7.56,0.75,0.62,1.27,5.04,3.96,1.56,0.2,10.0,0.4,4.0,0.571,0.971,0.4,0.0,False
Tommy Edman,669242,138,55.0,48.0,27.0,7.0,3.0,5.0,37.0,7.0,0.0,49.0,1.0,0.271,181.0,0.302,0.425,0.727,0.0,8.0,1.0,0.0,767.0,189.0,77.0,19.0,62.0,0.0,0.0,0.317,1.02,36.2,0.0,0.0,0.0,0.0,0.0,0.0,0.0,0.0,0.0,0.0,0.0,0.0,0.28,7.2,0.93,10.08,2.16,25.0,17.52,7.56,0.75,0.62,1.27,5.04,3.96,1.56,0.2,3.0,0.0,0.0,0.0,0.0,0.0,1.0,True
Yadier Molina,425877,138,77.0,84.0,27.0,16.0,0.0,4.0,39.0,9.0,0.0,71.0,2.0,0.249,285.0,0.273,0.347,0.621,0.0,4.0,1.0,11.0,1040.0,300.0,99.0,37.0,113.0,0.0,4.0,0.272,0.88,71.25,0.0,0.0,0.0,0.0,0.0,0.0,0.0,0.0,0.0,0.0,0.0,0.0,0.28,7.2,0.93,10.08,2.16,25.0,17.52,7.56,0.75,0.62,1.27,5.04,3.96,1.56,0.2,21.0,0.333,7.0,0.333,0.714,0.381,0.0,True
Yairo Munoz,622168,138,72.0,49.0,19.0,7.0,1.0,2.0,31.0,5.0,0.0,42.0,1.0,0.269,156.0,0.294,0.365,0.66,3.0,7.0,0.7,4.0,582.0,163.0,57.0,13.0,61.0,0.0,1.0,0.323,1.4,78.0,0.0,0.0,0.0,0.0,0.0,0.0,0.0,0.0,0.0,0.0,0.0,0.0,0.28,7.2,0.93,10.08,2.16,25.0,17.52,7.56,0.75,0.62,1.27,5.04,3.96,1.56,0.2,3.0,0.333,1.0,0.333,0.666,0.333,0.0,False
Ben Gamel,592325,158,107.0,60.0,39.0,13.0,0.0,7.0,85.0,31.0,2.0,62.0,3.0,0.245,253.0,0.332,0.379,0.712,2.0,2.0,0.5,0.0,1233.0,289.0,96.0,29.0,90.0,0.0,2.0,0.337,1.25,36.14,0.0,0.0,0.0,0.0,0.0,0.0,0.0,0.0,0.0,0.0,0.0,0.0,0.276,3.7,2.33,8.88,1.12,24.1,17.96,4.11,0.0,0.58,1.77,8.51,4.81,1.52,0.5,5.0,0.2,1.0,0.333,0.533,0.2,1.0,False
Christian Yelich,592885,158,111.0,99.0,87.0,24.0,3.0,41.0,100.0,64.0,16.0,141.0,6.0,0.334,422.0,0.426,0.697,1.123,2.0,24.0,0.923,8.0,1877.0,495.0,294.0,89.0,147.0,0.0,3.0,0.352,1.16,10.29,0.0,0.0,0.0,0.0,0.0,0.0,0.0,0.0,0.0,0.0,0.0,0.0,0.276,3.7,2.33,8.88,1.12,24.1,17.96,4.11,0.0,0.58,1.77,8.51,4.81,1.52,0.5,6.0,0.333,2.0,0.556,1.889,1.333,1.0,False
Eric Thames,519346,158,114.0,45.0,49.0,17.0,1.0,17.0,105.0,42.0,3.0,73.0,6.0,0.251,291.0,0.355,0.491,0.846,1.0,3.0,0.75,0.0,1426.0,341.0,143.0,48.0,135.0,0.0,2.0,0.327,0.64,17.12,0.0,0.0,0.0,0.0,0.0,0.0,0.0,0.0,0.0,0.0,0.0,0.0,0.276,3.7,2.33,8.88,1.12,24.1,17.96,4.11,0.0,0.58,1.77,8.51,4.81,1.52,0.5,6.0,0.333,2.0,0.429,0.762,0.333,1.0,False
Hernan Perez,541650,158,65.0,46.0,23.0,8.0,0.0,5.0,47.0,9.0,0.0,39.0,0.0,0.235,166.0,0.273,0.373,0.646,1.0,4.0,0.8,8.0,678.0,177.0,62.0,11.0,72.0,1.0,1.0,0.296,1.28,33.2,0.0,0.0,0.0,0.0,0.0,0.0,0.0,0.0,0.0,0.0,0.0,0.0,0.276,3.7,2.33,8.88,1.12,24.1,17.96,4.11,0.0,0.58,1.77,8.51,4.81,1.52,0.5,1.0,0.0,0.0,0.0,0.0,0.0,0.0,False
Keston Hiura,669374,158,61.0,34.0,37.0,16.0,2.0,14.0,80.0,20.0,1.0,71.0,6.0,0.307,231.0,0.377,0.576,0.953,3.0,8.0,0.727,2.0,989.0,257.0,133.0,35.0,95.0,0.0,0.0,0.416,0.74,16.5,0.0,0.0,0.0,0.0,0.0,0.0,0.0,0.0,0.0,0.0,0.0,0.0,0.276,3.7,2.33,8.88,1.12,24.1,17.96,4.11,0.0,0.58,1.77,8.51,4.81,1.52,0.5,3.0,0.0,0.0,0.0,0.0,0.0,0.0,False
Lorenzo Cain,456715,158,114.0,148.0,61.0,25.0,0.0,8.0,86.0,41.0,0.0,113.0,5.0,0.249,453.0,0.316,0.358,0.674,6.0,15.0,0.714,12.0,2030.0,503.0,162.0,40.0,167.0,0.0,4.0,0.289,1.35,56.62,0.0,0.0,0.0,0.0,0.0,0.0,0.0,0.0,0.0,0.0,0.0,0.0,0.276,3.7,2.33,8.88,1.12,24.1,17.96,4.11,0.0,0.58,1.77,8.51,4.81,1.52,0.5,8.0,0.125,1.0,0.125,0.25,0.125,0.0,False
Manny Pina,444489,158,62.0,28.0,9.0,6.0,0.0,6.0,40.0,13.0,1.0,29.0,3.0,0.223,130.0,0.308,0.408,0.716,0.0,0.0,0.0,1.0,598.0,146.0,53.0,18.0,70.0,0.0,0.0,0.274,0.85,21.67,0.0,0.0,0.0,0.0,0.0,0.0,0.0,0.0,0.0,0.0,0.0,0.0,0.276,3.7,2.33,8.88,1.12,24.1,17.96,4.11,0.0,0.58,1.77,8.51,4.81,1.52,0.5,2.0,0.0,0.0,0.0,0.0,0.0,0.0,False
Mike Moustakas,519058,158,116.0,108.0,70.0,27.0,1.0,30.0,83.0,39.0,3.0,119.0,6.0,0.263,453.0,0.329,0.525,0.854,0.0,3.0,1.0,11.0,1886.0,499.0,238.0,71.0,215.0,0.0,1.0,0.261,0.75,15.1,0.0,0.0,0.0,0.0,0.0,0.0,0.0,0.0,0.0,0.0,0.0,0.0,0.276,3.7,2.33,8.88,1.12,24.1,17.96,4.11,0.0,0.58,1.77,8.51,4.81,1.52,0.5,7.0,0.429,3.0,0.5,1.786,1.286,1.0,False
Orlando Arcia,606115,158,118.0,124.0,47.0,11.0,1.0,14.0,88.0,37.0,5.0,89.0,0.0,0.228,391.0,0.292,0.368,0.661,4.0,7.0,0.636,14.0,1707.0,432.0,144.0,44.0,187.0,1.0,3.0,0.257,1.32,27.93,0.0,0.0,0.0,0.0,0.0,0.0,0.0,0.0,0.0,0.0,0.0,0.0,0.276,3.7,2.33,8.88,1.12,24.1,17.96,4.11,0.0,0.58,1.77,8.51,4.81,1.52,0.5,7.0,0.0,0.0,0.0,0.0,0.0,0.0,False
Ryan Braun,460075,158,115.0,107.0,55.0,23.0,2.0,18.0,86.0,26.0,1.0,106.0,6.0,0.283,374.0,0.339,0.5,0.839,1.0,9.0,0.9,13.0,1499.0,411.0,187.0,55.0,160.0,0.0,1.0,0.325,1.41,20.78,0.0,0.0,0.0,0.0,0.0,0.0,0.0,0.0,0.0,0.0,0.0,0.0,0.276,3.7,2.33,8.88,1.12,24.1,17.96,4.11,0.0,0.58,1.77,8.51,4.81,1.52,0.5,1.0,0.0,0.0,0.5,0.5,0.0,0.0,False
Trent Grisham,663757,158,15.0,11.0,8.0,2.0,0.0,3.0,14.0,4.0,0.0,12.0,1.0,0.231,52.0,0.288,0.442,0.73,1.0,0.0,0.0,2.0,237.0,59.0,23.0,10.0,19.0,0.0,2.0,0.243,0.65,17.33,0.0,0.0,0.0,0.0,0.0,0.0,0.0,0.0,0.0,0.0,0.0,0.0,0.276,3.7,2.33,8.88,1.12,24.1,17.96,4.11,0.0,0.58,1.77,8.51,4.81,1.52,0.5,3.0,0.0,0.0,0.0,0.0,0.0,1.0,False
Yasmani Grandal,518735,158,117.0,93.0,55.0,20.0,2.0,20.0,99.0,74.0,2.0,100.0,5.0,0.256,391.0,0.377,0.471,0.847,1.0,5.0,0.833,11.0,2016.0,475.0,184.0,61.0,153.0,0.0,5.0,0.289,0.89,19.55,0.0,0.0,0.0,0.0,0.0,0.0,0.0,0.0,0.0,0.0,0.0,0.0,0.276,3.7,2.33,8.88,1.12,24.1,17.96,4.11,0.0,0.58,1.77,8.51,4.81,1.52,0.5,7.0,0.0,0.0,0.125,0.125,0.0,1.0,True
Danny Santana,542454,140,98.0,74.0,63.0,21.0,6.0,21.0,107.0,14.0,1.0,108.0,3.0,0.304,355.0,0.332,0.575,0.907,6.0,13.0,0.684,5.0,1403.0,377.0,204.0,58.0,129.0,0.0,4.0,0.377,1.06,16.9,0.0,0.0,0.0,0.0,0.0,0.0,0.0,0.0,0.0,0.0,0.0,0.0,0.284,4.55,1.16,10.08,1.65,27.2,17.1,5.96,0.5,0.63,3.0,7.81,2.6,1.41,0.5,4.0,0.25,1.0,0.25,0.75,0.5,0.0,True
Delino DeShields,592261,140,88.0,63.0,31.0,12.0,3.0,3.0,76.0,33.0,0.0,65.0,3.0,0.254,256.0,0.344,0.359,0.703,5.0,18.0,0.783,4.0,1219.0,301.0,92.0,24.0,88.0,7.0,2.0,0.346,1.03,85.33,0.0,0.0,0.0,0.0,0.0,0.0,0.0,0.0,0.0,0.0,0.0,0.0,0.284,4.55,1.16,10.08,1.65,27.2,17.1,5.96,0.5,0.63,3.0,7.81,2.6,1.41,0.5,2.0,0.5,1.0,0.5,1.0,0.5,1.0,True
Elvis Andrus,462101,140,113.0,153.0,60.0,23.0,4.0,9.0,71.0,25.0,0.0,130.0,4.0,0.281,462.0,0.319,0.407,0.726,5.0,25.0,0.833,11.0,1944.0,499.0,188.0,58.0,192.0,0.0,8.0,0.31,1.32,51.33,0.0,0.0,0.0,0.0,0.0,0.0,0.0,0.0,0.0,0.0,0.0,0.0,0.284,4.55,1.16,10.08,1.65,27.2,17.1,5.96,0.5,0.63,3.0,7.81,2.6,1.41,0.5,4.0,0.25,1.0,0.25,0.5,0.25,1.0,True
Hunter Pence,452254,140,80.0,65.0,53.0,17.0,1.0,18.0,63.0,26.0,0.0,83.0,2.0,0.3,277.0,0.362,0.563,0.925,1.0,5.0,0.833,2.0,1198.0,307.0,156.0,56.0,107.0,0.0,2.0,0.328,0.96,15.39,0.0,0.0,0.0,0.0,0.0,0.0,0.0,0.0,0.0,0.0,0.0,0.0,0.284,4.55,1.16,10.08,1.65,27.2,17.1,5.96,0.5,0.63,3.0,7.81,2.6,1.41,0.5,2.0,1.0,2.0,1.0,2.0,1.0,1.0,True
Isiah Kiner-Falefa,643396,140,51.0,47.0,19.0,9.0,1.0,1.0,41.0,13.0,0.0,34.0,3.0,0.23,148.0,0.303,0.324,0.627,0.0,2.0,1.0,6.0,641.0,166.0,48.0,16.0,87.0,1.0,1.0,0.308,1.68,148.0,0.0,0.0,0.0,0.0,0.0,0.0,0.0,0.0,0.0,0.0,0.0,0.0,0.284,4.55,1.16,10.08,1.65,27.2,17.1,5.96,0.5,0.63,3.0,7.81,2.6,1.41,0.5,0.0,0.0,0.0,0.0,0.0,0.0,1.0,True
Jeff Mathis,425772,140,74.0,37.0,16.0,7.0,0.0,2.0,72.0,14.0,1.0,33.0,0.0,0.164,201.0,0.218,0.229,0.446,0.0,0.0,0.0,1.0,834.0,216.0,46.0,11.0,68.0,0.0,1.0,0.242,0.62,100.5,0.0,0.0,0.0,0.0,0.0,0.0,0.0,0.0,0.0,0.0,0.0,0.0,0.284,4.55,1.16,10.08,1.65,27.2,17.1,5.96,0.5,0.63,3.0,7.81,2.6,1.41,0.5,1.0,0.0,0.0,0.0,0.0,0.0,1.0,False
Jose Trevino,624431,140,12.0,11.0,4.0,0.0,0.0,1.0,10.0,1.0,0.0,6.0,0.0,0.194,31.0,0.219,0.29,0.509,0.0,0.0,0.0,2.0,111.0,33.0,9.0,3.0,19.0,1.0,0.0,0.25,2.2,31.0,0.0,0.0,0.0,0.0,0.0,0.0,0.0,0.0,0.0,0.0,0.0,0.0,0.284,4.55,1.16,10.08,1.65,27.2,17.1,5.96,0.5,0.63,3.0,7.81,2.6,1.41,0.5,2.0,0.5,1.0,0.5,2.5,2.0,1.0,True
Logan Forsythe,523253,140,87.0,65.0,36.0,16.0,1.0,7.0,83.0,41.0,0.0,63.0,3.0,0.234,269.0,0.34,0.379,0.719,0.0,2.0,1.0,8.0,1439.0,316.0,102.0,38.0,122.0,0.0,2.0,0.309,1.08,38.43,0.0,0.0,0.0,0.0,0.0,0.0,0.0,0.0,0.0,0.0,0.0,0.0,0.284,4.55,1.16,10.08,1.65,27.2,17.1,5.96,0.5,0.63,3.0,7.81,2.6,1.41,0.5,1.0,0.0,0.0,0.0,0.0,0.0,1.0,False
Nick Solak,669256,140,1.0,1.0,0.0,0.0,0.0,0.0,1.0,0.0,0.0,1.0,0.0,0.333,3.0,0.333,0.333,0.667,0.0,0.0,0.0,0.0,12.0,3.0,1.0,0.0,0.0,0.0,0.0,0.5,0.0,0.0,0.0,0.0,0.0,0.0,0.0,0.0,0.0,0.0,0.0,0.0,0.0,0.0,0.284,4.55,1.16,10.08,1.65,27.2,17.1,5.96,0.5,0.63,3.0,7.81,2.6,1.41,0.5,0.0,0.0,0.0,0.0,0.0,0.0,1.0,False
Rougned Odor,596059,140,110.0,78.0,58.0,22.0,1.0,21.0,140.0,40.0,2.0,82.0,4.0,0.206,399.0,0.284,0.424,0.707,8.0,8.0,0.5,4.0,1802.0,445.0,169.0,67.0,177.0,1.0,1.0,0.255,0.77,19.0,0.0,0.0,0.0,0.0,0.0,0.0,0.0,0.0,0.0,0.0,0.0,0.0,0.284,4.55,1.16,10.08,1.65,27.2,17.1,5.96,0.5,0.63,3.0,7.81,2.6,1.41,0.5,1.0,0.0,0.0,0.667,0.667,0.0,0.0,True
Scott Heineman,595981,140,6.0,4.0,0.0,1.0,0.0,0.0,5.0,1.0,0.0,3.0,0.0,0.158,19.0,0.2,0.211,0.411,0.0,0.0,0.0,1.0,92.0,20.0,4.0,2.0,12.0,0.0,0.0,0.214,0.57,0.0,0.0,0.0,0.0,0.0,0.0,0.0,0.0,0.0,0.0,0.0,0.0,0.0,0.284,4.55,1.16,10.08,1.65,27.2,17.1,5.96,0.5,0.63,3.0,7.81,2.6,1.41,0.5,2.0,0.0,0.0,0.0,0.0,0.0,1.0,True
Shin-Soo Choo,425783,140,118.0,117.0,76.0,27.0,2.0,20.0,124.0,60.0,3.0,120.0,14.0,0.272,441.0,0.376,0.478,0.854,1.0,10.0,0.909,5.0,2122.0,516.0,211.0,47.0,146.0,0.0,1.0,0.336,1.44,22.05,0.0,0.0,0.0,0.0,0.0,0.0,0.0,0.0,0.0,0.0,0.0,0.0,0.284,4.55,1.16,10.08,1.65,27.2,17.1,5.96,0.5,0.63,3.0,7.81,2.6,1.41,0.5,3.0,0.0,0.0,0.25,0.25,0.0,0.0,True
Willie Calhoun,641432,140,48.0,37.0,30.0,9.0,1.0,12.0,33.0,11.0,0.0,51.0,1.0,0.291,175.0,0.337,0.56,0.897,0.0,0.0,0.0,3.0,722.0,187.0,98.0,28.0,69.0,0.0,0.0,0.3,0.69,14.58,0.0,0.0,0.0,0.0,0.0,0.0,0.0,0.0,0.0,0.0,0.0,0.0,0.284,4.55,1.16,10.08,1.65,27.2,17.1,5.96,0.5,0.63,3.0,7.81,2.6,1.41,0.5,2.0,1.0,2.0,1.0,2.0,1.0,0.0,True
Albert Pujols,405395,108,99.0,119.0,43.0,14.0,0.0,19.0,53.0,31.0,1.0,90.0,3.0,0.245,368.0,0.303,0.438,0.741,0.0,1.0,1.0,17.0,1535.0,409.0,161.0,73.0,173.0,0.0,7.0,0.234,1.05,19.37,0.0,0.0,0.0,0.0,0.0,0.0,0.0,0.0,0.0,0.0,0.0,0.0,0.237,6.6,0.76,8.4,0.6,15.0,19.13,7.2,1.0,0.64,1.88,9.0,4.8,1.47,1.0,3.0,0.333,1.0,0.333,1.666,1.333,1.0,True
Anthony Bemboom,621532,108,10.0,1.0,1.0,1.0,0.0,1.0,10.0,0.0,0.0,4.0,0.0,0.174,23.0,0.174,0.348,0.522,0.0,0.0,0.0,0.0,85.0,23.0,8.0,4.0,9.0,0.0,0.0,0.25,0.13,23.0,0.0,0.0,0.0,0.0,0.0,0.0,0.0,0.0,0.0,0.0,0.0,0.0,0.237,6.6,0.76,8.4,0.6,15.0,19.13,7.2,1.0,0.64,1.88,9.0,4.8,1.47,1.0,0.0,0.0,0.0,0.0,0.0,0.0,0.0,False
Brian Goodwin,571718,108,103.0,59.0,50.0,23.0,2.0,11.0,88.0,26.0,2.0,85.0,2.0,0.282,301.0,0.34,0.482,0.822,2.0,4.0,0.667,1.0,1422.0,333.0,145.0,34.0,112.0,1.0,3.0,0.361,0.81,27.36,0.0,0.0,0.0,0.0,0.0,0.0,0.0,0.0,0.0,0.0,0.0,0.0,0.237,6.6,0.76,8.4,0.6,15.0,19.13,7.2,1.0,0.64,1.88,9.0,4.8,1.47,1.0,0.0,0.0,0.0,0.0,0.0,0.0,0.0,False
David Fletcher,664058,108,120.0,144.0,67.0,27.0,4.0,5.0,47.0,42.0,1.0,129.0,0.0,0.285,453.0,0.345,0.395,0.74,3.0,8.0,0.727,8.0,2032.0,497.0,179.0,42.0,156.0,1.0,1.0,0.308,1.07,90.6,0.0,0.0,0.0,0.0,0.0,0.0,0.0,0.0,0.0,0.0,0.0,0.0,0.237,6.6,0.76,8.4,0.6,15.0,19.13,7.2,1.0,0.64,1.88,9.0,4.8,1.47,1.0,2.0,0.0,0.0,0.333,0.333,0.0,1.0,True
Justin Upton,457708,108,46.0,28.0,27.0,6.0,0.0,9.0,57.0,25.0,0.0,35.0,0.0,0.219,160.0,0.317,0.425,0.742,0.0,1.0,1.0,1.0,846.0,189.0,68.0,31.0,82.0,0.0,4.0,0.265,0.64,17.78,0.0,0.0,0.0,0.0,0.0,0.0,0.0,0.0,0.0,0.0,0.0,0.0,0.237,6.6,0.76,8.4,0.6,15.0,19.13,7.2,1.0,0.64,1.88,9.0,4.8,1.47,1.0,2.0,1.0,2.0,1.0,2.5,1.5,1.0,True
Kole Calhoun,594777,108,120.0,110.0,75.0,23.0,1.0,27.0,122.0,55.0,6.0,102.0,6.0,0.233,438.0,0.325,0.475,0.8,1.0,3.0,0.75,11.0,1885.0,502.0,208.0,62.0,187.0,0.0,2.0,0.258,1.04,16.22,0.0,0.0,0.0,0.0,0.0,0.0,0.0,0.0,0.0,0.0,0.0,0.0,0.237,6.6,0.76,8.4,0.6,15.0,19.13,7.2,1.0,0.64,1.88,9.0,4.8,1.47,1.0,3.0,0.333,1.0,0.333,0.666,0.333,0.0,True
Luis Rengifo,650859,108,88.0,81.0,40.0,16.0,3.0,5.0,75.0,34.0,0.0,73.0,5.0,0.245,298.0,0.329,0.369,0.699,5.0,1.0,0.167,6.0,1398.0,341.0,110.0,29.0,134.0,1.0,3.0,0.308,1.11,59.6,0.0,0.0,0.0,0.0,0.0,0.0,0.0,0.0,0.0,0.0,0.0,0.0,0.237,6.6,0.76,8.4,0.6,15.0,19.13,7.2,1.0,0.64,1.88,9.0,4.8,1.47,1.0,2.0,0.0,0.0,0.0,0.0,0.0,0.0,True
Matt Thaiss,642136,108,31.0,20.0,13.0,3.0,0.0,6.0,33.0,11.0,0.0,18.0,0.0,0.196,92.0,0.282,0.424,0.705,0.0,0.0,0.0,2.0,436.0,103.0,39.0,19.0,44.0,0.0,0.0,0.226,0.95,15.33,0.0,0.0,0.0,0.0,0.0,0.0,0.0,0.0,0.0,0.0,0.0,0.0,0.237,6.6,0.76,8.4,0.6,15.0,19.13,7.2,1.0,0.64,1.88,9.0,4.8,1.47,1.0,0.0,0.0,0.0,0.0,0.0,0.0,0.0,False
Max Stassi,545358,108,43.0,31.0,5.0,1.0,0.0,1.0,46.0,9.0,0.0,16.0,1.0,0.133,120.0,0.198,0.167,0.365,0.0,0.0,0.0,3.0,495.0,131.0,20.0,4.0,56.0,0.0,1.0,0.203,1.11,120.0,0.0,0.0,0.0,0.0,0.0,0.0,0.0,0.0,0.0,0.0,0.0,0.0,0.237,6.6,0.76,8.4,0.6,15.0,19.13,7.2,1.0,0.64,1.88,9.0,4.8,1.47,1.0,2.0,0.0,0.0,0.0,0.0,0.0,1.0,False
Mike Trout,545361,108,120.0,64.0,101.0,27.0,2.0,42.0,107.0,99.0,11.0,127.0,14.0,0.3,423.0,0.444,0.671,1.116,2.0,10.0,0.833,5.0,2271.0,540.0,284.0,98.0,163.0,0.0,4.0,0.306,0.5,10.07,0.0,0.0,0.0,0.0,0.0,0.0,0.0,0.0,0.0,0.0,0.0,0.0,0.237,6.6,0.76,8.4,0.6,15.0,19.13,7.2,1.0,0.64,1.88,9.0,4.8,1.47,1.0,3.0,0.333,1.0,0.333,0.666,0.333,1.0,True
Shohei Ohtani,660271,108,88.0,86.0,45.0,15.0,4.0,16.0,84.0,30.0,1.0,96.0,2.0,0.302,318.0,0.362,0.525,0.887,3.0,11.0,0.786,4.0,1420.0,355.0,167.0,53.0,156.0,0.0,4.0,0.36,1.54,19.88,0.0,0.0,0.0,0.0,0.0,0.0,0.0,0.0,0.0,0.0,0.0,0.0,0.237,6.6,0.76,8.4,0.6,15.0,19.13,7.2,1.0,0.64,1.88,9.0,4.8,1.47,1.0,2.0,0.5,1.0,0.5,2.0,1.5,0.0,True
Wilfredo Tovar,541600,108,29.0,27.0,5.0,5.0,0.0,0.0,15.0,5.0,0.0,16.0,0.0,0.211,76.0,0.259,0.276,0.536,0.0,0.0,0.0,0.0,309.0,81.0,21.0,4.0,35.0,0.0,0.0,0.262,1.5,0.0,0.0,0.0,0.0,0.0,0.0,0.0,0.0,0.0,0.0,0.0,0.0,0.0,0.237,6.6,0.76,8.4,0.6,15.0,19.13,7.2,1.0,0.64,1.88,9.0,4.8,1.47,1.0,2.0,0.5,1.0,0.5,1.0,0.5,1.0,True
Alex Bregman,608324,117,121.0,91.0,94.0,26.0,2.0,30.0,69.0,92.0,1.0,121.0,7.0,0.279,434.0,0.407,0.555,0.963,1.0,4.0,0.8,8.0,2270.0,540.0,241.0,83.0,187.0,0.0,7.0,0.266,0.57,14.47,0.0,0.0,0.0,0.0,0.0,0.0,0.0,0.0,0.0,0.0,0.0,0.0,0.474,17.18,1.18,22.09,8.44,3.2,21.55,19.69,0.0,0.54,0.67,4.91,7.36,3.27,0.0,11.0,0.364,4.0,0.417,1.144,0.727,0.0,True
Carlos Correa,621043,117,72.0,58.0,39.0,16.0,1.0,19.0,70.0,34.0,0.0,75.0,2.0,0.278,270.0,0.358,0.556,0.914,0.0,1.0,1.0,8.0,1273.0,310.0,150.0,56.0,136.0,0.0,4.0,0.303,0.82,14.21,0.0,0.0,0.0,0.0,0.0,0.0,0.0,0.0,0.0,0.0,0.0,0.0,0.474,17.18,1.18,22.09,8.44,3.2,21.55,19.69,0.0,0.54,0.67,4.91,7.36,3.27,0.0,3.0,0.333,1.0,0.6,0.933,0.333,0.0,False
George Springer,543807,117,93.0,97.0,73.0,17.0,3.0,27.0,86.0,50.0,1.0,110.0,4.0,0.293,376.0,0.378,0.569,0.947,1.0,5.0,0.833,10.0,1766.0,434.0,214.0,68.0,138.0,0.0,4.0,0.311,1.11,13.93,0.0,0.0,0.0,0.0,0.0,0.0,0.0,0.0,0.0,0.0,0.0,0.0,0.474,17.18,1.18,22.09,8.44,3.2,21.55,19.69,0.0,0.54,0.67,4.91,7.36,3.27,0.0,10.0,0.2,2.0,0.333,0.533,0.2,0.0,True
Jack Mayfield,608686,117,18.0,12.0,6.0,5.0,0.0,1.0,12.0,1.0,0.0,7.0,0.0,0.14,50.0,0.157,0.3,0.457,0.0,0.0,0.0,0.0,188.0,51.0,15.0,3.0,20.0,0.0,0.0,0.162,0.63,50.0,0.0,0.0,0.0,0.0,0.0,0.0,0.0,0.0,0.0,0.0,0.0,0.0,0.474,17.18,1.18,22.09,8.44,3.2,21.55,19.69,0.0,0.54,0.67,4.91,7.36,3.27,0.0,3.0,0.0,0.0,0.0,0.0,0.0,0.0,False
Jake Marisnick,545350,117,94.0,59.0,40.0,16.0,2.0,9.0,74.0,13.0,0.0,57.0,6.0,0.245,233.0,0.302,0.446,0.748,2.0,10.0,0.833,5.0,995.0,255.0,104.0,28.0,117.0,3.0,0.0,0.32,1.28,25.89,0.0,0.0,0.0,0.0,0.0,0.0,0.0,0.0,0.0,0.0,0.0,0.0,0.474,17.18,1.18,22.09,8.44,3.2,21.55,19.69,0.0,0.54,0.67,4.91,7.36,3.27,0.0,3.0,0.333,1.0,0.333,1.666,1.333,0.0,False
Jose Altuve,514888,117,91.0,118.0,68.0,19.0,1.0,23.0,58.0,33.0,0.0,111.0,3.0,0.302,368.0,0.362,0.546,0.908,3.0,5.0,0.625,16.0,1458.0,406.0,201.0,56.0,129.0,0.0,2.0,0.304,1.42,16.0,0.0,0.0,0.0,0.0,0.0,0.0,0.0,0.0,0.0,0.0,0.0,0.0,0.474,17.18,1.18,22.09,8.44,3.2,21.55,19.69,0.0,0.54,0.67,4.91,7.36,3.27,0.0,12.0,0.333,4.0,0.429,1.096,0.667,0.0,True
Josh Reddick,502210,117,113.0,110.0,45.0,14.0,2.0,10.0,51.0,28.0,1.0,107.0,0.0,0.26,411.0,0.302,0.377,0.679,2.0,4.0,0.667,9.0,1598.0,449.0,155.0,37.0,159.0,0.0,8.0,0.271,0.73,41.1,0.0,0.0,0.0,0.0,0.0,0.0,0.0,0.0,0.0,0.0,0.0,0.0,0.474,17.18,1.18,22.09,8.44,3.2,21.55,19.69,0.0,0.54,0.67,4.91,7.36,3.27,0.0,10.0,0.2,2.0,0.25,0.55,0.3,1.0,False
Martin Maldonado,455117,117,87.0,87.0,34.0,16.0,0.0,8.0,71.0,24.0,1.0,59.0,5.0,0.211,279.0,0.285,0.355,0.64,0.0,0.0,0.0,11.0,1180.0,311.0,99.0,19.0,115.0,2.0,1.0,0.254,1.34,34.88,0.0,0.0,0.0,0.0,0.0,0.0,0.0,0.0,0.0,0.0,0.0,0.0,0.474,17.18,1.18,22.09,8.44,3.2,21.55,19.69,0.0,0.54,0.67,4.91,7.36,3.27,0.0,16.0,0.375,6.0,0.444,1.257,0.813,0.0,False
Michael Brantley,488726,117,118.0,141.0,76.0,38.0,2.0,18.0,52.0,42.0,3.0,156.0,5.0,0.334,467.0,0.393,0.54,0.932,2.0,3.0,0.6,16.0,1867.0,517.0,252.0,76.0,200.0,0.0,3.0,0.345,1.17,25.94,0.0,0.0,0.0,0.0,0.0,0.0,0.0,0.0,0.0,0.0,0.0,0.0,0.474,17.18,1.18,22.09,8.44,3.2,21.55,19.69,0.0,0.54,0.67,4.91,7.36,3.27,0.0,27.0,0.222,6.0,0.276,0.609,0.333,1.0,True
Robinson Chirinos,455139,117,94.0,57.0,45.0,15.0,0.0,13.0,109.0,42.0,1.0,69.0,11.0,0.229,301.0,0.34,0.409,0.748,2.0,0.0,0.0,8.0,1432.0,361.0,123.0,44.0,157.0,2.0,5.0,0.304,0.78,23.15,0.0,0.0,0.0,0.0,0.0,0.0,0.0,0.0,0.0,0.0,0.0,0.0,0.474,17.18,1.18,22.09,8.44,3.2,21.55,19.69,0.0,0.54,0.67,4.91,7.36,3.27,0.0,7.0,0.429,3.0,0.375,1.232,0.857,0.0,True
Yordan Alvarez,670541,117,55.0,39.0,35.0,16.0,0.0,19.0,57.0,32.0,3.0,67.0,1.0,0.333,201.0,0.424,0.697,1.12,0.0,0.0,0.0,7.0,933.0,236.0,140.0,56.0,99.0,0.0,2.0,0.378,0.98,10.58,0.0,0.0,0.0,0.0,0.0,0.0,0.0,0.0,0.0,0.0,0.0,0.0,0.474,17.18,1.18,22.09,8.44,3.2,21.55,19.69,0.0,0.54,0.67,4.91,7.36,3.27,0.0,3.0,0.333,1.0,0.333,1.0,0.667,1.0,True
Yuli Gurriel,493329,117,117.0,114.0,70.0,34.0,2.0,25.0,53.0,27.0,1.0,143.0,3.0,0.306,467.0,0.344,0.548,0.892,3.0,4.0,0.571,8.0,1690.0,503.0,256.0,88.0,208.0,0.0,6.0,0.299,0.7,18.68,0.0,0.0,0.0,0.0,0.0,0.0,0.0,0.0,0.0,0.0,0.0,0.0,0.474,17.18,1.18,22.09,8.44,3.2,21.55,19.69,0.0,0.54,0.67,4.91,7.36,3.27,0.0,11.0,0.182,2.0,0.182,0.455,0.273,0.0,True
Brandon Dixon,641525,116,92.0,52.0,33.0,15.0,3.0,14.0,106.0,16.0,0.0,80.0,3.0,0.256,312.0,0.296,0.458,0.755,1.0,5.0,0.833,4.0,1332.0,334.0,143.0,44.0,134.0,0.0,3.0,0.338,0.68,22.29,0.0,0.0,0.0,0.0,0.0,0.0,0.0,0.0,0.0,0.0,0.0,0.0,0.305,3.16,1.42,11.22,1.07,25.2,18.82,4.64,0.0,0.6,2.5,8.77,3.51,1.64,1.0,8.0,0.25,2.0,0.222,0.472,0.25,0.0,True
Dawel Lugo,608475,116,43.0,48.0,8.0,2.0,3.0,1.0,32.0,4.0,0.0,30.0,3.0,0.211,142.0,0.243,0.289,0.532,0.0,0.0,0.0,4.0,541.0,152.0,41.0,13.0,62.0,0.0,3.0,0.259,1.37,142.0,0.0,0.0,0.0,0.0,0.0,0.0,0.0,0.0,0.0,0.0,0.0,0.0,0.305,3.16,1.42,11.22,1.07,25.2,18.82,4.64,0.0,0.6,2.5,8.77,3.51,1.64,1.0,4.0,0.0,0.0,0.0,0.0,0.0,0.0,False
Gordon Beckham,493596,116,70.0,43.0,25.0,13.0,2.0,5.0,63.0,13.0,0.0,44.0,4.0,0.227,194.0,0.289,0.392,0.681,1.0,2.0,0.667,5.0,885.0,211.0,76.0,14.0,94.0,0.0,0.0,0.31,0.98,38.8,0.0,0.0,0.0,0.0,0.0,0.0,0.0,0.0,0.0,0.0,0.0,0.0,0.305,3.16,1.42,11.22,1.07,25.2,18.82,4.64,0.0,0.6,2.5,8.77,3.51,1.64,1.0,12.0,0.25,3.0,0.25,0.667,0.417,0.0,False
Harold Castro,605612,116,65.0,68.0,21.0,6.0,3.0,4.0,59.0,7.0,0.0,66.0,0.0,0.283,233.0,0.299,0.386,0.685,2.0,3.0,0.6,4.0,858.0,246.0,90.0,28.0,73.0,2.0,4.0,0.356,1.48,58.25,0.0,0.0,0.0,0.0,0.0,0.0,0.0,0.0,0.0,0.0,0.0,0.0,0.305,3.16,1.42,11.22,1.07,25.2,18.82,4.64,0.0,0.6,2.5,8.77,3.51,1.64,1.0,0.0,0.0,0.0,0.0,0.0,0.0,1.0,True
Jake Rogers,668670,116,17.0,12.0,8.0,0.0,0.0,4.0,26.0,9.0,0.0,8.0,0.0,0.14,57.0,0.258,0.351,0.608,0.0,0.0,0.0,2.0,286.0,67.0,20.0,7.0,28.0,1.0,0.0,0.148,1.0,14.25,0.0,0.0,0.0,0.0,0.0,0.0,0.0,0.0,0.0,0.0,0.0,0.0,0.305,3.16,1.42,11.22,1.07,25.2,18.82,4.64,0.0,0.6,2.5,8.77,3.51,1.64,1.0,3.0,0.333,1.0,0.333,0.666,0.333,0.0,True
John Hicks,543308,116,76.0,62.0,21.0,12.0,0.0,8.0,89.0,12.0,0.0,53.0,0.0,0.201,264.0,0.235,0.337,0.572,0.0,1.0,1.0,7.0,1055.0,277.0,89.0,20.0,141.0,0.0,1.0,0.268,1.02,33.0,0.0,0.0,0.0,0.0,0.0,0.0,0.0,0.0,0.0,0.0,0.0,0.0,0.305,3.16,1.42,11.22,1.07,25.2,18.82,4.64,0.0,0.6,2.5,8.77,3.51,1.64,1.0,3.0,0.0,0.0,0.0,0.0,0.0,0.0,False
Jordy Mercer,474568,116,51.0,51.0,13.0,10.0,0.0,6.0,36.0,9.0,1.0,46.0,2.0,0.256,180.0,0.298,0.411,0.71,0.0,0.0,0.0,2.0,743.0,191.0,74.0,13.0,67.0,0.0,0.0,0.29,1.09,30.0,0.0,0.0,0.0,0.0,0.0,0.0,0.0,0.0,0.0,0.0,0.0,0.0,0.305,3.16,1.42,11.22,1.07,25.2,18.82,4.64,0.0,0.6,2.5,8.77,3.51,1.64,1.0,17.0,0.529,9.0,0.529,1.176,0.647,0.0,True
Miguel Cabrera,408234,116,111.0,100.0,32.0,18.0,0.0,9.0,91.0,37.0,3.0,115.0,3.0,0.283,407.0,0.344,0.393,0.737,0.0,0.0,0.0,16.0,1683.0,451.0,160.0,50.0,133.0,0.0,4.0,0.341,0.95,45.22,0.0,0.0,0.0,0.0,0.0,0.0,0.0,0.0,0.0,0.0,0.0,0.0,0.305,3.16,1.42,11.22,1.07,25.2,18.82,4.64,0.0,0.6,2.5,8.77,3.51,1.64,1.0,7.0,0.429,3.0,0.636,1.065,0.429,0.0,True
Niko Goodrum,592348,116,110.0,83.0,60.0,27.0,5.0,11.0,136.0,45.0,1.0,104.0,1.0,0.249,418.0,0.322,0.416,0.738,3.0,12.0,0.8,7.0,1936.0,466.0,174.0,44.0,193.0,0.0,2.0,0.341,0.86,38.0,0.0,0.0,0.0,0.0,0.0,0.0,0.0,0.0,0.0,0.0,0.0,0.0,0.305,3.16,1.42,11.22,1.07,25.2,18.82,4.64,0.0,0.6,2.5,8.77,3.51,1.64,1.0,4.0,0.75,3.0,0.8,2.05,1.25,1.0,False
Ronny Rodriguez,500135,116,58.0,44.0,19.0,11.0,3.0,8.0,54.0,8.0,0.0,41.0,0.0,0.22,186.0,0.249,0.441,0.69,1.0,2.0,0.667,4.0,696.0,197.0,82.0,25.0,99.0,0.0,3.0,0.26,0.88,23.25,0.0,0.0,0.0,0.0,0.0,0.0,0.0,0.0,0.0,0.0,0.0,0.0,0.305,3.16,1.42,11.22,1.07,25.2,18.82,4.64,0.0,0.6,2.5,8.77,3.51,1.64,1.0,6.0,0.667,4.0,0.667,2.5,1.833,0.0,True
Travis Demeritte,641513,116,18.0,11.0,10.0,3.0,2.0,2.0,24.0,7.0,0.0,19.0,0.0,0.292,65.0,0.356,0.492,0.848,0.0,3.0,1.0,1.0,314.0,73.0,32.0,5.0,32.0,0.0,1.0,0.425,0.92,32.5,0.0,0.0,0.0,0.0,0.0,0.0,0.0,0.0,0.0,0.0,0.0,0.0,0.305,3.16,1.42,11.22,1.07,25.2,18.82,4.64,0.0,0.6,2.5,8.77,3.51,1.64,1.0,3.0,0.667,2.0,0.667,1.334,0.667,0.0,True
Victor Reyes,622682,116,33.0,40.0,17.0,7.0,3.0,1.0,30.0,9.0,0.0,35.0,0.0,0.282,124.0,0.331,0.411,0.742,1.0,1.0,0.5,3.0,547.0,133.0,51.0,9.0,44.0,0.0,0.0,0.366,2.11,124.0,0.0,0.0,0.0,0.0,0.0,0.0,0.0,0.0,0.0,0.0,0.0,0.0,0.305,3.16,1.42,11.22,1.07,25.2,18.82,4.64,0.0,0.6,2.5,8.77,3.51,1.64,1.0,3.0,0.333,1.0,0.333,0.666,0.333,1.0,True
C.J. Cron,543068,142,99.0,103.0,42.0,21.0,0.0,20.0,82.0,25.0,3.0,97.0,9.0,0.259,375.0,0.319,0.475,0.793,0.0,0.0,0.0,8.0,1602.0,411.0,178.0,66.0,149.0,0.0,2.0,0.28,1.08,18.75,0.0,0.0,0.0,0.0,0.0,0.0,0.0,0.0,0.0,0.0,0.0,0.0,0.217,0.81,1.27,7.02,0.27,33.1,14.4,1.63,1.0,0.64,2.0,3.78,1.89,0.99,1.0,10.0,0.2,2.0,0.2,0.4,0.2,0.0,True
Eddie Rosario,592696,142,107.0,112.0,74.0,19.0,1.0,27.0,63.0,18.0,1.0,124.0,0.0,0.284,437.0,0.308,0.517,0.825,1.0,3.0,0.75,10.0,1617.0,461.0,226.0,85.0,184.0,0.0,6.0,0.275,0.78,16.18,0.0,0.0,0.0,0.0,0.0,0.0,0.0,0.0,0.0,0.0,0.0,0.0,0.217,0.81,1.27,7.02,0.27,33.1,14.4,1.63,1.0,0.64,2.0,3.78,1.89,0.99,1.0,9.0,0.111,1.0,0.111,0.222,0.111,1.0,True
Ehire Adrianza,501303,142,72.0,46.0,31.0,7.0,3.0,4.0,29.0,19.0,1.0,50.0,6.0,0.296,169.0,0.381,0.444,0.824,2.0,0.0,0.0,2.0,735.0,200.0,75.0,19.0,70.0,1.0,3.0,0.331,0.96,42.25,0.0,0.0,0.0,0.0,0.0,0.0,0.0,0.0,0.0,0.0,0.0,0.0,0.217,0.81,1.27,7.02,0.27,33.1,14.4,1.63,1.0,0.64,2.0,3.78,1.89,0.99,1.0,0.0,0.0,0.0,0.0,0.0,0.0,1.0,False
Jake Cave,595909,142,47.0,31.0,14.0,7.0,0.0,2.0,43.0,11.0,0.0,31.0,7.0,0.265,117.0,0.36,0.376,0.736,0.0,0.0,0.0,1.0,553.0,136.0,44.0,11.0,49.0,0.0,1.0,0.397,2.38,58.5,0.0,0.0,0.0,0.0,0.0,0.0,0.0,0.0,0.0,0.0,0.0,0.0,0.217,0.81,1.27,7.02,0.27,33.1,14.4,1.63,1.0,0.64,2.0,3.78,1.89,0.99,1.0,3.0,0.667,2.0,0.667,1.667,1.0,1.0,True
Jason Castro,488771,142,61.0,34.0,36.0,9.0,0.0,12.0,64.0,23.0,0.0,46.0,2.0,0.242,190.0,0.329,0.479,0.808,0.0,0.0,0.0,0.0,889.0,217.0,91.0,28.0,92.0,1.0,1.0,0.296,0.71,15.83,0.0,0.0,0.0,0.0,0.0,0.0,0.0,0.0,0.0,0.0,0.0,0.0,0.217,0.81,1.27,7.02,0.27,33.1,14.4,1.63,1.0,0.64,2.0,3.78,1.89,0.99,1.0,12.0,0.333,4.0,0.5,0.833,0.333,1.0,False
Jonathan Schoop,570731,142,95.0,88.0,51.0,20.0,0.0,17.0,95.0,15.0,1.0,88.0,9.0,0.253,348.0,0.3,0.457,0.757,1.0,1.0,0.5,9.0,1332.0,373.0,159.0,46.0,185.0,0.0,1.0,0.3,1.13,20.47,0.0,0.0,0.0,0.0,0.0,0.0,0.0,0.0,0.0,0.0,0.0,0.0,0.217,0.81,1.27,7.02,0.27,33.1,14.4,1.63,1.0,0.64,2.0,3.78,1.89,0.99,1.0,18.0,0.333,6.0,0.333,1.111,0.778,0.0,False
Jorge Polanco,593871,142,120.0,92.0,81.0,33.0,6.0,19.0,87.0,48.0,2.0,149.0,4.0,0.296,504.0,0.358,0.498,0.856,3.0,4.0,0.571,8.0,2250.0,562.0,251.0,66.0,172.0,1.0,5.0,0.323,0.51,26.53,0.0,0.0,0.0,0.0,0.0,0.0,0.0,0.0,0.0,0.0,0.0,0.0,0.217,0.81,1.27,7.02,0.27,33.1,14.4,1.63,1.0,0.64,2.0,3.78,1.89,0.99,1.0,9.0,0.222,2.0,0.222,0.555,0.333,1.0,True
Luis Arraez,650333,142,60.0,56.0,37.0,11.0,1.0,3.0,16.0,24.0,1.0,72.0,1.0,0.346,208.0,0.413,0.452,0.865,2.0,2.0,0.5,2.0,959.0,235.0,94.0,20.0,59.0,0.0,2.0,0.361,0.85,69.33,0.0,0.0,0.0,0.0,0.0,0.0,0.0,0.0,0.0,0.0,0.0,0.0,0.217,0.81,1.27,7.02,0.27,33.1,14.4,1.63,1.0,0.64,2.0,3.78,1.89,0.99,1.0,3.0,0.667,2.0,0.667,1.667,1.0,1.0,True
Marwin Gonzalez,503556,142,104.0,101.0,47.0,18.0,0.0,14.0,87.0,30.0,2.0,102.0,6.0,0.265,385.0,0.327,0.421,0.748,0.0,1.0,1.0,6.0,1623.0,422.0,162.0,47.0,144.0,0.0,1.0,0.309,1.05,27.5,0.0,0.0,0.0,0.0,0.0,0.0,0.0,0.0,0.0,0.0,0.0,0.0,0.217,0.81,1.27,7.02,0.27,33.1,14.4,1.63,1.0,0.64,2.0,3.78,1.89,0.99,1.0,14.0,0.357,5.0,0.357,0.714,0.357,1.0,False
Max Kepler,596146,142,116.0,111.0,87.0,28.0,0.0,34.0,84.0,53.0,0.0,119.0,5.0,0.256,464.0,0.337,0.537,0.873,5.0,1.0,0.167,5.0,1895.0,526.0,249.0,84.0,153.0,0.0,4.0,0.243,0.72,13.65,0.0,0.0,0.0,0.0,0.0,0.0,0.0,0.0,0.0,0.0,0.0,0.0,0.217,0.81,1.27,7.02,0.27,33.1,14.4,1.63,1.0,0.64,2.0,3.78,1.89,0.99,1.0,7.0,0.143,1.0,0.25,0.821,0.571,1.0,False
Miguel Sano,593934,142,77.0,47.0,56.0,16.0,1.0,23.0,112.0,42.0,0.0,68.0,1.0,0.245,278.0,0.345,0.558,0.902,1.0,0.0,0.0,3.0,1418.0,322.0,155.0,51.0,139.0,0.0,1.0,0.313,0.9,12.09,0.0,0.0,0.0,0.0,0.0,0.0,0.0,0.0,0.0,0.0,0.0,0.0,0.217,0.81,1.27,7.02,0.27,33.1,14.4,1.63,1.0,0.64,2.0,3.78,1.89,0.99,1.0,10.0,0.4,4.0,0.455,0.955,0.5,0.0,True
Mitch Garver,641598,142,71.0,52.0,51.0,11.0,1.0,23.0,69.0,26.0,0.0,65.0,4.0,0.263,247.0,0.342,0.595,0.937,0.0,0.0,0.0,5.0,1149.0,278.0,147.0,52.0,96.0,0.0,1.0,0.269,0.84,10.74,0.0,0.0,0.0,0.0,0.0,0.0,0.0,0.0,0.0,0.0,0.0,0.0,0.217,0.81,1.27,7.02,0.27,33.1,14.4,1.63,1.0,0.64,2.0,3.78,1.89,0.99,1.0,2.0,0.0,0.0,0.0,0.0,0.0,0.0,False
Nelson Cruz,443558,142,89.0,64.0,62.0,22.0,0.0,33.0,101.0,41.0,2.0,101.0,7.0,0.303,333.0,0.39,0.667,1.057,1.0,0.0,0.0,8.0,1585.0,383.0,222.0,80.0,130.0,0.0,1.0,0.34,0.94,10.09,0.0,0.0,0.0,0.0,0.0,0.0,0.0,0.0,0.0,0.0,0.0,0.0,0.217,0.81,1.27,7.02,0.27,33.1,14.4,1.63,1.0,0.64,2.0,3.78,1.89,0.99,1.0,19.0,0.316,6.0,0.35,1.034,0.684,0.0,True
Adam Engel,641553,145,54.0,26.0,14.0,4.0,2.0,2.0,44.0,7.0,0.0,26.0,4.0,0.213,122.0,0.278,0.328,0.606,1.0,3.0,0.75,2.0,533.0,134.0,40.0,14.0,61.0,1.0,0.0,0.316,0.96,61.0,0.0,0.0,0.0,0.0,0.0,0.0,0.0,0.0,0.0,0.0,0.0,0.0,0.257,5.02,1.71,9.1,0.64,28.2,16.81,5.74,1.0,0.61,1.85,7.53,4.08,1.47,0.5,10.0,0.2,2.0,0.2,0.8,0.6,0.0,False
Eloy Jimenez,650391,145,90.0,92.0,47.0,10.0,1.0,22.0,98.0,23.0,0.0,81.0,2.0,0.24,337.0,0.291,0.472,0.763,0.0,0.0,0.0,7.0,1362.0,364.0,159.0,52.0,150.0,0.0,2.0,0.269,1.35,15.32,0.0,0.0,0.0,0.0,0.0,0.0,0.0,0.0,0.0,0.0,0.0,0.0,0.257,5.02,1.71,9.1,0.64,28.2,16.81,5.74,1.0,0.61,1.85,7.53,4.08,1.47,0.5,9.0,0.111,1.0,0.111,0.222,0.111,0.0,True
James McCann,543510,145,94.0,76.0,52.0,21.0,1.0,14.0,107.0,23.0,1.0,101.0,5.0,0.29,348.0,0.343,0.477,0.82,1.0,4.0,0.8,10.0,1573.0,377.0,166.0,49.0,141.0,1.0,0.0,0.383,1.17,24.86,0.0,0.0,0.0,0.0,0.0,0.0,0.0,0.0,0.0,0.0,0.0,0.0,0.257,5.02,1.71,9.1,0.64,28.2,16.81,5.74,1.0,0.61,1.85,7.53,4.08,1.47,0.5,25.0,0.24,6.0,0.269,0.509,0.24,0.0,False
Jon Jay,445055,145,42.0,54.0,11.0,8.0,0.0,0.0,28.0,7.0,0.0,40.0,2.0,0.263,152.0,0.302,0.316,0.618,0.0,0.0,0.0,1.0,658.0,166.0,48.0,9.0,46.0,4.0,1.0,0.32,1.54,0.0,0.0,0.0,0.0,0.0,0.0,0.0,0.0,0.0,0.0,0.0,0.0,0.0,0.257,5.02,1.71,9.1,0.64,28.2,16.81,5.74,1.0,0.61,1.85,7.53,4.08,1.47,0.5,8.0,0.375,3.0,0.444,0.819,0.375,1.0,False
Jose Abreu,547989,145,124.0,134.0,63.0,27.0,0.0,28.0,119.0,26.0,3.0,136.0,6.0,0.273,498.0,0.313,0.496,0.809,2.0,2.0,0.5,18.0,2120.0,536.0,247.0,94.0,213.0,0.0,6.0,0.303,1.17,17.79,0.0,0.0,0.0,0.0,0.0,0.0,0.0,0.0,0.0,0.0,0.0,0.0,0.257,5.02,1.71,9.1,0.64,28.2,16.81,5.74,1.0,0.61,1.85,7.53,4.08,1.47,0.5,38.0,0.263,10.0,0.3,0.932,0.632,0.0,True
Leury Garcia,544725,145,113.0,145.0,76.0,23.0,2.0,7.0,112.0,17.0,0.0,130.0,5.0,0.281,463.0,0.311,0.384,0.696,4.0,14.0,0.778,5.0,1765.0,496.0,178.0,34.0,151.0,8.0,3.0,0.354,1.67,66.14,0.0,0.0,0.0,0.0,0.0,0.0,0.0,0.0,0.0,0.0,0.0,0.0,0.257,5.02,1.71,9.1,0.64,28.2,16.81,5.74,1.0,0.61,1.85,7.53,4.08,1.47,0.5,18.0,0.278,5.0,0.316,0.649,0.333,1.0,False
Matt Skole,605474,145,13.0,5.0,4.0,1.0,0.0,0.0,16.0,4.0,0.0,8.0,0.0,0.229,35.0,0.308,0.257,0.565,0.0,0.0,0.0,0.0,160.0,39.0,9.0,3.0,17.0,0.0,0.0,0.421,0.83,0.0,0.0,0.0,0.0,0.0,0.0,0.0,0.0,0.0,0.0,0.0,0.0,0.0,0.257,5.02,1.71,9.1,0.64,28.2,16.81,5.74,1.0,0.61,1.85,7.53,4.08,1.47,0.5,2.0,0.5,1.0,0.667,1.167,0.5,1.0,True
Ryan Cordell,641477,145,81.0,38.0,18.0,7.0,0.0,6.0,64.0,13.0,0.0,44.0,3.0,0.227,194.0,0.284,0.356,0.64,0.0,2.0,1.0,2.0,850.0,216.0,69.0,20.0,92.0,5.0,1.0,0.304,0.7,32.33,0.0,0.0,0.0,0.0,0.0,0.0,0.0,0.0,0.0,0.0,0.0,0.0,0.257,5.02,1.71,9.1,0.64,28.2,16.81,5.74,1.0,0.61,1.85,7.53,4.08,1.47,0.5,2.0,0.5,1.0,0.5,1.0,0.5,0.0,False
Ryan Goins,572365,145,33.0,28.0,10.0,5.0,1.0,2.0,32.0,14.0,1.0,30.0,1.0,0.278,108.0,0.366,0.398,0.764,1.0,0.0,0.0,6.0,528.0,124.0,43.0,10.0,37.0,1.0,0.0,0.378,1.47,54.0,0.0,0.0,0.0,0.0,0.0,0.0,0.0,0.0,0.0,0.0,0.0,0.0,0.257,5.02,1.71,9.1,0.64,28.2,16.81,5.74,1.0,0.61,1.85,7.53,4.08,1.47,0.5,18.0,0.278,5.0,0.35,0.683,0.333,1.0,True
Tim Anderson,641313,145,91.0,98.0,57.0,23.0,0.0,13.0,75.0,10.0,0.0,119.0,3.0,0.331,359.0,0.354,0.504,0.858,4.0,16.0,0.8,9.0,1257.0,373.0,181.0,44.0,126.0,0.0,1.0,0.39,1.44,27.62,0.0,0.0,0.0,0.0,0.0,0.0,0.0,0.0,0.0,0.0,0.0,0.0,0.257,5.02,1.71,9.1,0.64,28.2,16.81,5.74,1.0,0.61,1.85,7.53,4.08,1.47,0.5,19.0,0.316,6.0,0.316,0.842,0.526,0.0,True
Welington Castillo,456078,145,56.0,44.0,12.0,9.0,0.0,7.0,60.0,14.0,0.0,36.0,3.0,0.202,178.0,0.27,0.371,0.641,0.0,0.0,0.0,6.0,770.0,196.0,66.0,23.0,75.0,0.0,1.0,0.259,1.13,25.43,0.0,0.0,0.0,0.0,0.0,0.0,0.0,0.0,0.0,0.0,0.0,0.0,0.257,5.02,1.71,9.1,0.64,28.2,16.81,5.74,1.0,0.61,1.85,7.53,4.08,1.47,0.5,6.0,0.167,1.0,0.167,0.334,0.167,0.0,False
Yolmer Sanchez,570560,145,115.0,92.0,45.0,13.0,4.0,2.0,92.0,30.0,1.0,95.0,4.0,0.251,378.0,0.312,0.323,0.635,4.0,5.0,0.556,7.0,1695.0,419.0,122.0,30.0,162.0,6.0,1.0,0.326,0.87,189.0,0.0,0.0,0.0,0.0,0.0,0.0,0.0,0.0,0.0,0.0,0.0,0.0,0.257,5.02,1.71,9.1,0.64,28.2,16.81,5.74,1.0,0.61,1.85,7.53,4.08,1.47,0.5,28.0,0.214,6.0,0.29,0.611,0.321,1.0,True
Adam Jones,430945,109,114.0,112.0,60.0,23.0,1.0,14.0,82.0,23.0,2.0,111.0,7.0,0.27,411.0,0.318,0.433,0.751,1.0,2.0,0.667,14.0,1599.0,445.0,178.0,56.0,153.0,0.0,3.0,0.305,1.03,29.36,0.0,0.0,0.0,0.0,0.0,0.0,0.0,0.0,0.0,0.0,0.0,0.0,0.256,5.82,1.54,9.14,2.97,21.2,17.58,5.94,1.0,0.61,1.33,4.98,3.74,1.43,0.0,0.0,0.0,0.0,0.0,0.0,0.0,0.0,False
Alex Avila,488671,109,45.0,35.0,17.0,5.0,0.0,8.0,43.0,28.0,6.0,26.0,1.0,0.226,115.0,0.382,0.478,0.86,0.0,1.0,1.0,6.0,601.0,144.0,55.0,21.0,39.0,0.0,0.0,0.281,3.18,14.38,0.0,0.0,0.0,0.0,0.0,0.0,0.0,0.0,0.0,0.0,0.0,0.0,0.256,5.82,1.54,9.14,2.97,21.2,17.58,5.94,1.0,0.61,1.33,4.98,3.74,1.43,0.0,0.0,0.0,0.0,0.0,0.0,0.0,1.0,False
Carson Kelly,608348,109,88.0,56.0,35.0,17.0,0.0,18.0,57.0,34.0,8.0,65.0,2.0,0.259,251.0,0.351,0.542,0.893,0.0,0.0,0.0,10.0,1226.0,288.0,136.0,43.0,114.0,0.0,1.0,0.266,0.76,13.94,0.0,0.0,0.0,0.0,0.0,0.0,0.0,0.0,0.0,0.0,0.0,0.0,0.256,5.82,1.54,9.14,2.97,21.2,17.58,5.94,1.0,0.61,1.33,4.98,3.74,1.43,0.0,2.0,0.5,1.0,0.5,1.0,0.5,0.0,True
Christian Walker,572233,109,118.0,89.0,65.0,21.0,1.0,22.0,123.0,51.0,3.0,106.0,5.0,0.257,413.0,0.345,0.472,0.817,1.0,7.0,0.875,8.0,1894.0,470.0,195.0,56.0,184.0,0.0,1.0,0.312,0.93,18.77,0.0,0.0,0.0,0.0,0.0,0.0,0.0,0.0,0.0,0.0,0.0,0.0,0.256,5.82,1.54,9.14,2.97,21.2,17.58,5.94,1.0,0.61,1.33,4.98,3.74,1.43,0.0,2.0,0.0,0.0,0.0,0.0,0.0,0.0,False
David Peralta,444482,109,96.0,108.0,46.0,28.0,3.0,12.0,85.0,34.0,3.0,102.0,5.0,0.275,371.0,0.343,0.464,0.807,0.0,0.0,0.0,9.0,1513.0,411.0,172.0,57.0,148.0,0.0,1.0,0.327,1.4,30.92,0.0,0.0,0.0,0.0,0.0,0.0,0.0,0.0,0.0,0.0,0.0,0.0,0.256,5.82,1.54,9.14,2.97,21.2,17.58,5.94,1.0,0.61,1.33,4.98,3.74,1.43,0.0,3.0,0.333,1.0,0.333,1.0,0.667,1.0,True
Eduardo Escobar,500871,109,123.0,96.0,77.0,23.0,9.0,28.0,103.0,42.0,2.0,133.0,3.0,0.271,490.0,0.327,0.527,0.853,1.0,5.0,0.833,6.0,2085.0,545.0,258.0,98.0,201.0,0.0,10.0,0.285,0.57,17.5,0.0,0.0,0.0,0.0,0.0,0.0,0.0,0.0,0.0,0.0,0.0,0.0,0.256,5.82,1.54,9.14,2.97,21.2,17.58,5.94,1.0,0.61,1.33,4.98,3.74,1.43,0.0,6.0,0.167,1.0,0.286,0.453,0.167,1.0,False
Ildemaro Vargas,545121,109,70.0,65.0,23.0,7.0,0.0,5.0,21.0,9.0,0.0,44.0,0.0,0.26,169.0,0.296,0.391,0.687,0.0,1.0,1.0,5.0,665.0,179.0,66.0,20.0,68.0,0.0,1.0,0.271,1.63,33.8,0.0,0.0,0.0,0.0,0.0,0.0,0.0,0.0,0.0,0.0,0.0,0.0,0.256,5.82,1.54,9.14,2.97,21.2,17.58,5.94,1.0,0.61,1.33,4.98,3.74,1.43,0.0,0.0,0.0,0.0,0.0,0.0,0.0,1.0,False
Jake Lamb,571875,109,48.0,28.0,23.0,6.0,1.0,5.0,35.0,23.0,1.0,26.0,4.0,0.213,122.0,0.353,0.402,0.755,0.0,0.0,0.0,3.0,645.0,150.0,49.0,17.0,48.0,0.0,1.0,0.253,0.82,24.4,0.0,0.0,0.0,0.0,0.0,0.0,0.0,0.0,0.0,0.0,0.0,0.0,0.256,5.82,1.54,9.14,2.97,21.2,17.58,5.94,1.0,0.61,1.33,4.98,3.74,1.43,0.0,2.0,0.0,0.0,0.0,0.0,0.0,1.0,False
Jarrod Dyson,502481,109,101.0,91.0,55.0,9.0,2.0,7.0,68.0,36.0,0.0,84.0,1.0,0.259,324.0,0.334,0.364,0.698,3.0,27.0,0.9,1.0,1358.0,362.0,118.0,24.0,86.0,0.0,1.0,0.308,1.11,46.29,0.0,0.0,0.0,0.0,0.0,0.0,0.0,0.0,0.0,0.0,0.0,0.0,0.256,5.82,1.54,9.14,2.97,21.2,17.58,5.94,1.0,0.61,1.33,4.98,3.74,1.43,0.0,3.0,0.0,0.0,0.0,0.0,0.0,1.0,True
Josh Rojas,668942,109,8.0,4.0,3.0,1.0,0.0,0.0,5.0,3.0,0.0,6.0,0.0,0.273,22.0,0.36,0.318,0.678,1.0,1.0,0.5,1.0,89.0,25.0,7.0,2.0,12.0,0.0,0.0,0.353,0.57,0.0,0.0,0.0,0.0,0.0,0.0,0.0,0.0,0.0,0.0,0.0,0.0,0.0,0.256,5.82,1.54,9.14,2.97,21.2,17.58,5.94,1.0,0.61,1.33,4.98,3.74,1.43,0.0,1.0,0.0,0.0,0.0,0.0,0.0,1.0,False
Ketel Marte,606466,109,119.0,132.0,83.0,27.0,8.0,26.0,73.0,45.0,2.0,153.0,4.0,0.32,478.0,0.382,0.573,0.955,2.0,8.0,0.8,7.0,2013.0,529.0,274.0,73.0,165.0,0.0,2.0,0.333,1.08,18.38,0.0,0.0,0.0,0.0,0.0,0.0,0.0,0.0,0.0,0.0,0.0,0.0,0.256,5.82,1.54,9.14,2.97,21.2,17.58,5.94,1.0,0.61,1.33,4.98,3.74,1.43,0.0,5.0,0.4,2.0,0.5,1.5,1.0,1.0,True
Nick Ahmed,605113,109,124.0,133.0,67.0,26.0,4.0,16.0,87.0,42.0,1.0,118.0,2.0,0.272,434.0,0.332,0.461,0.793,1.0,7.0,0.875,11.0,1845.0,489.0,200.0,68.0,188.0,1.0,10.0,0.299,1.24,27.12,0.0,0.0,0.0,0.0,0.0,0.0,0.0,0.0,0.0,0.0,0.0,0.0,0.256,5.82,1.54,9.14,2.97,21.2,17.58,5.94,1.0,0.61,1.33,4.98,3.74,1.43,0.0,2.0,0.0,0.0,0.0,0.0,0.0,0.0,False
Wilmer Flores,527038,109,66.0,50.0,21.0,12.0,0.0,6.0,21.0,10.0,0.0,58.0,3.0,0.312,186.0,0.355,0.473,0.828,0.0,0.0,0.0,7.0,764.0,200.0,88.0,22.0,84.0,0.0,1.0,0.325,0.86,31.0,0.0,0.0,0.0,0.0,0.0,0.0,0.0,0.0,0.0,0.0,0.0,0.0,0.256,5.82,1.54,9.14,2.97,21.2,17.58,5.94,1.0,0.61,1.33,4.98,3.74,1.43,0.0,0.0,0.0,0.0,0.0,0.0,0.0,0.0,False
Charlie Blackmon,453568,115,106.0,115.0,94.0,33.0,7.0,27.0,85.0,28.0,1.0,149.0,6.0,0.327,455.0,0.373,0.609,0.982,4.0,2.0,0.333,5.0,1851.0,490.0,277.0,70.0,105.0,0.0,1.0,0.355,1.07,16.85,0.0,0.0,0.0,0.0,0.0,0.0,0.0,0.0,0.0,0.0,0.0,0.0,0.13,1.29,0.5,3.86,0.64,14.0,14.29,1.29,0.0,0.68,4.25,10.93,2.57,0.71,0.5,6.0,0.667,4.0,0.667,1.667,1.0,1.0,True
Daniel Murphy,502517,115,98.0,93.0,45.0,25.0,1.0,11.0,58.0,26.0,0.0,96.0,1.0,0.282,341.0,0.331,0.457,0.788,1.0,1.0,0.5,7.0,1466.0,374.0,156.0,65.0,136.0,0.0,4.0,0.308,0.95,31.0,0.0,0.0,0.0,0.0,0.0,0.0,0.0,0.0,0.0,0.0,0.0,0.0,0.13,1.29,0.5,3.86,0.64,14.0,14.29,1.29,0.0,0.68,4.25,10.93,2.57,0.71,0.5,4.0,0.25,1.0,0.5,0.75,0.25,1.0,True
Dom Nunez,624513,115,2.0,1.0,1.0,0.0,0.0,1.0,1.0,0.0,0.0,1.0,0.0,0.167,6.0,0.167,0.667,0.833,0.0,0.0,0.0,0.0,29.0,6.0,4.0,1.0,3.0,0.0,0.0,0.0,0.33,6.0,0.0,0.0,0.0,0.0,0.0,0.0,0.0,0.0,0.0,0.0,0.0,0.0,0.13,1.29,0.5,3.86,0.64,14.0,14.29,1.29,0.0,0.68,4.25,10.93,2.57,0.71,0.5,2.0,0.0,0.0,0.0,0.0,0.0,1.0,False
Garrett Hampson,641658,115,70.0,45.0,21.0,7.0,3.0,2.0,61.0,15.0,1.0,39.0,0.0,0.211,185.0,0.269,0.314,0.582,3.0,5.0,0.625,1.0,843.0,203.0,58.0,15.0,78.0,2.0,1.0,0.301,1.05,92.5,0.0,0.0,0.0,0.0,0.0,0.0,0.0,0.0,0.0,0.0,0.0,0.0,0.13,1.29,0.5,3.86,0.64,14.0,14.29,1.29,0.0,0.68,4.25,10.93,2.57,0.71,0.5,3.0,0.0,0.0,0.0,0.0,0.0,0.0,False
Ian Desmond,435622,115,110.0,95.0,53.0,27.0,3.0,14.0,97.0,29.0,1.0,92.0,2.0,0.259,355.0,0.317,0.47,0.787,3.0,3.0,0.5,10.0,1474.0,389.0,167.0,56.0,160.0,1.0,2.0,0.317,1.28,25.36,0.0,0.0,0.0,0.0,0.0,0.0,0.0,0.0,0.0,0.0,0.0,0.0,0.13,1.29,0.5,3.86,0.64,14.0,14.29,1.29,0.0,0.68,4.25,10.93,2.57,0.71,0.5,0.0,0.0,0.0,0.0,0.0,0.0,0.0,False
Nolan Arenado,571448,115,123.0,104.0,80.0,24.0,2.0,30.0,71.0,45.0,9.0,142.0,3.0,0.303,469.0,0.363,0.554,0.917,2.0,2.0,0.5,9.0,1852.0,524.0,260.0,94.0,180.0,0.0,7.0,0.299,0.65,15.63,0.0,0.0,0.0,0.0,0.0,0.0,0.0,0.0,0.0,0.0,0.0,0.0,0.13,1.29,0.5,3.86,0.64,14.0,14.29,1.29,0.0,0.68,4.25,10.93,2.57,0.71,0.5,5.0,0.4,2.0,0.333,0.733,0.4,0.0,True
Raimel Tapia,606132,115,113.0,103.0,46.0,22.0,5.0,8.0,81.0,20.0,0.0,102.0,0.0,0.287,355.0,0.325,0.445,0.77,3.0,5.0,0.625,2.0,1381.0,375.0,158.0,37.0,140.0,0.0,0.0,0.353,1.49,44.38,0.0,0.0,0.0,0.0,0.0,0.0,0.0,0.0,0.0,0.0,0.0,0.0,0.13,1.29,0.5,3.86,0.64,14.0,14.29,1.29,0.0,0.68,4.25,10.93,2.57,0.71,0.5,5.0,0.4,2.0,0.4,0.8,0.4,1.0,True
Ryan McMahon,641857,115,106.0,89.0,56.0,19.0,1.0,17.0,115.0,45.0,1.0,96.0,0.0,0.27,356.0,0.351,0.472,0.823,1.0,5.0,0.833,9.0,1650.0,402.0,168.0,63.0,163.0,0.0,1.0,0.351,1.56,20.94,0.0,0.0,0.0,0.0,0.0,0.0,0.0,0.0,0.0,0.0,0.0,0.0,0.13,1.29,0.5,3.86,0.64,14.0,14.29,1.29,0.0,0.68,4.25,10.93,2.57,0.71,0.5,2.0,0.5,1.0,0.8,1.8,1.0,1.0,True
Tony Wolters,547172,115,93.0,79.0,36.0,15.0,2.0,1.0,49.0,26.0,4.0,82.0,5.0,0.285,288.0,0.349,0.361,0.71,1.0,0.0,0.0,7.0,1185.0,326.0,104.0,32.0,126.0,2.0,5.0,0.333,0.93,288.0,0.0,0.0,0.0,0.0,0.0,0.0,0.0,0.0,0.0,0.0,0.0,0.0,0.13,1.29,0.5,3.86,0.64,14.0,14.29,1.29,0.0,0.68,4.25,10.93,2.57,0.71,0.5,2.0,0.5,1.0,0.667,1.167,0.5,1.0,True
Trevor Story,596115,115,112.0,76.0,90.0,32.0,5.0,28.0,130.0,43.0,0.0,132.0,6.0,0.29,455.0,0.358,0.567,0.925,6.0,17.0,0.739,2.0,2080.0,506.0,258.0,71.0,157.0,0.0,2.0,0.348,0.64,16.25,0.0,0.0,0.0,0.0,0.0,0.0,0.0,0.0,0.0,0.0,0.0,0.0,0.13,1.29,0.5,3.86,0.64,14.0,14.29,1.29,0.0,0.68,4.25,10.93,2.57,0.71,0.5,5.0,0.2,1.0,0.333,0.533,0.2,0.0,False
Yonathan Daza,602074,115,17.0,17.0,2.0,0.0,0.0,0.0,9.0,2.0,0.0,7.0,0.0,0.163,43.0,0.2,0.163,0.363,0.0,0.0,0.0,1.0,161.0,45.0,7.0,1.0,24.0,0.0,0.0,0.206,1.7,0.0,0.0,0.0,0.0,0.0,0.0,0.0,0.0,0.0,0.0,0.0,0.0,0.0,0.13,1.29,0.5,3.86,0.64,14.0,14.29,1.29,0.0,0.68,4.25,10.93,2.57,0.71,0.5,2.0,0.0,0.0,0.0,0.0,0.0,0.0,False
Yonder Alonso,475174,115,91.0,71.0,32.0,10.0,0.0,10.0,61.0,37.0,2.0,52.0,1.0,0.201,259.0,0.301,0.355,0.656,1.0,0.0,0.0,10.0,1220.0,299.0,92.0,35.0,106.0,0.0,2.0,0.221,0.92,25.9,0.0,0.0,0.0,0.0,0.0,0.0,0.0,0.0,0.0,0.0,0.0,0.0,0.13,1.29,0.5,3.86,0.64,14.0,14.29,1.29,0.0,0.68,4.25,10.93,2.57,0.71,0.5,0.0,0.0,0.0,0.0,0.0,0.0,1.0,False
